_W8,_W6,_W4,_W10,_W1,_W0,_NF8,_NF6,_NF4,_NF10,_NF1,_NF0,_L8,_L6,_L4,_L10,_L1,_L0,MPM0width,MPM0height,MPM1width,MPM1height,MPM2width,MPM2height,MPM3width,MPM3height,MNM4width,MNM4height,MNM5width,MNM5height,MNM6width,MNM6height,MNM7width,MNM7height,MNM8width,MNM8height,MNM9width,MNM9height,MNM10width,MNM10height,MNM11width,MNM11height
1.0E-6,8.419999999999999E-5,1.84E-5,1.8E-6,2.0E-6,2.88E-5,3.0,7.0,3.0,5.0,3.0,16.0,9.000000000000001E-7,8.9E-7,8.9E-7,1.4299999999999999E-6,3.0E-7,4.5E-7,1.508E-5,4.04E-6,3.3E-6,2.905E-6,3.3E-6,2.905E-6,1.508E-5,4.04E-6,4.7300000000000005E-6,8.37E-6,4.7300000000000005E-6,8.37E-6,9.89E-6,1.4265E-5,9.89E-6,1.4265E-5,5.36E-6,2.57E-6,5.36E-6,2.57E-6,1.101E-5,2.6E-6,1.101E-5,2.6E-6
1.0E-6,8.419999999999999E-5,1.84E-5,1.8E-6,2.0E-6,2.88E-5,3.0,7.0,3.0,5.0,3.0,16.0,9.000000000000001E-7,8.9E-7,8.9E-7,1.4299999999999999E-6,3.0E-7,4.5E-7,1.508E-5,4.04E-6,3.3E-6,2.905E-6,3.3E-6,2.905E-6,1.508E-5,4.04E-6,4.7300000000000005E-6,8.37E-6,4.7300000000000005E-6,8.37E-6,9.89E-6,1.4265E-5,9.89E-6,1.4265E-5,5.36E-6,2.57E-6,5.36E-6,2.57E-6,1.101E-5,2.6E-6,1.101E-5,2.6E-6
1.0E-6,8.19E-5,2.01E-5,5.999999999999999E-6,2.0E-6,2.58E-5,3.0,7.0,1.0,5.0,3.0,16.0,9.000000000000001E-7,1.04E-6,1.33E-6,1.6E-6,3.0E-7,4.5E-7,1.508E-5,3.85E-6,3.3E-6,2.905E-6,3.3E-6,2.905E-6,1.508E-5,3.85E-6,2.59E-6,2.146E-5,2.59E-6,2.146E-5,1.094E-5,1.394E-5,1.094E-5,1.394E-5,5.36E-6,2.57E-6,5.36E-6,2.57E-6,1.0860000000000001E-5,3.44E-6,1.0860000000000001E-5,3.44E-6
1.0E-6,8.41E-5,1.9299999999999998E-5,2.1000000000000002E-6,2.0E-6,2.84E-5,3.0,7.0,3.0,5.0,3.0,13.0,9.6E-7,9.1E-7,1.03E-6,8.9E-7,3.0E-7,5.599999999999999E-7,1.368E-5,4.42E-6,3.3E-6,2.905E-6,3.3E-6,2.905E-6,1.368E-5,4.42E-6,5.15E-6,8.67E-6,5.15E-6,8.67E-6,1.003E-5,1.425E-5,1.003E-5,1.425E-5,5.54E-6,2.57E-6,5.54E-6,2.57E-6,8.31E-6,2.66E-6,8.31E-6,2.66E-6
1.0E-6,8.41E-5,1.9299999999999998E-5,2.1000000000000002E-6,2.0E-6,2.84E-5,3.0,7.0,3.0,5.0,3.0,13.0,9.6E-7,9.1E-7,1.03E-6,8.9E-7,3.0E-7,5.599999999999999E-7,1.368E-5,4.42E-6,3.3E-6,2.905E-6,3.3E-6,2.905E-6,1.368E-5,4.42E-6,5.15E-6,8.67E-6,5.15E-6,8.67E-6,1.003E-5,1.425E-5,1.003E-5,1.425E-5,5.54E-6,2.57E-6,5.54E-6,2.57E-6,8.31E-6,2.66E-6,8.31E-6,2.66E-6
1.0E-6,8.539999999999999E-5,2.03E-5,5.6E-6,1.2E-6,1.85E-5,3.0,7.0,1.0,5.0,3.0,15.0,9.1E-7,1.04E-6,1.35E-6,7.3E-7,3.0E-7,6.3E-7,1.665E-5,3.4700000000000002E-6,3.9E-6,2.64E-6,3.9E-6,2.64E-6,1.665E-5,3.4700000000000002E-6,2.61E-6,2.166E-5,2.61E-6,2.166E-5,1.094E-5,1.444E-5,1.094E-5,1.444E-5,5.39E-6,2.57E-6,5.39E-6,2.57E-6,6.51E-6,3.36E-6,6.51E-6,3.36E-6
1.0E-6,9.03E-5,1.9E-5,1.4E-6,1.2E-6,1.85E-5,3.0,7.0,3.0,5.0,3.0,15.0,8.9E-7,9.000000000000001E-7,1.07E-6,1.1E-6,3.0E-7,5.0E-7,1.47E-5,3.4700000000000002E-6,3.9E-6,2.64E-6,3.9E-6,2.64E-6,1.47E-5,3.4700000000000002E-6,5.27E-6,8.570000000000001E-6,5.27E-6,8.570000000000001E-6,9.96E-6,1.514E-5,9.96E-6,1.514E-5,5.33E-6,2.57E-6,5.33E-6,2.57E-6,9.36E-6,2.52E-6,9.36E-6,2.52E-6
1.0E-6,8.41E-5,1.9299999999999998E-5,2.1000000000000002E-6,2.0E-6,2.84E-5,3.0,7.0,3.0,5.0,3.0,13.0,9.6E-7,9.1E-7,1.03E-6,8.9E-7,3.0E-7,5.599999999999999E-7,1.368E-5,4.42E-6,3.3E-6,2.905E-6,3.3E-6,2.905E-6,1.368E-5,4.42E-6,5.15E-6,8.67E-6,5.15E-6,8.67E-6,1.003E-5,1.425E-5,1.003E-5,1.425E-5,5.54E-6,2.57E-6,5.54E-6,2.57E-6,8.31E-6,2.66E-6,8.31E-6,2.66E-6
1.0E-6,8.539999999999999E-5,2.03E-5,5.6E-6,1.2E-6,1.85E-5,3.0,7.0,1.0,5.0,3.0,15.0,9.1E-7,1.04E-6,1.35E-6,7.3E-7,3.0E-7,6.3E-7,1.665E-5,3.4700000000000002E-6,3.9E-6,2.64E-6,3.9E-6,2.64E-6,1.665E-5,3.4700000000000002E-6,2.61E-6,2.166E-5,2.61E-6,2.166E-5,1.094E-5,1.444E-5,1.094E-5,1.444E-5,5.39E-6,2.57E-6,5.39E-6,2.57E-6,6.51E-6,3.36E-6,6.51E-6,3.36E-6
1.0E-6,9.03E-5,1.9E-5,1.4E-6,1.2E-6,1.85E-5,3.0,7.0,3.0,5.0,3.0,15.0,8.9E-7,9.000000000000001E-7,1.07E-6,1.1E-6,3.0E-7,5.0E-7,1.47E-5,3.4700000000000002E-6,3.9E-6,2.64E-6,3.9E-6,2.64E-6,1.47E-5,3.4700000000000002E-6,5.27E-6,8.570000000000001E-6,5.27E-6,8.570000000000001E-6,9.96E-6,1.514E-5,9.96E-6,1.514E-5,5.33E-6,2.57E-6,5.33E-6,2.57E-6,9.36E-6,2.52E-6,9.36E-6,2.52E-6
1.0E-6,8.41E-5,1.9299999999999998E-5,2.1000000000000002E-6,2.0E-6,2.84E-5,3.0,7.0,3.0,5.0,3.0,13.0,9.6E-7,9.1E-7,1.03E-6,8.9E-7,3.0E-7,5.599999999999999E-7,1.368E-5,4.42E-6,3.3E-6,2.905E-6,3.3E-6,2.905E-6,1.368E-5,4.42E-6,5.15E-6,8.67E-6,5.15E-6,8.67E-6,1.003E-5,1.425E-5,1.003E-5,1.425E-5,5.54E-6,2.57E-6,5.54E-6,2.57E-6,8.31E-6,2.66E-6,8.31E-6,2.66E-6
1.0E-6,8.539999999999999E-5,2.03E-5,5.6E-6,1.2E-6,1.85E-5,3.0,7.0,1.0,5.0,3.0,15.0,9.1E-7,1.04E-6,1.35E-6,7.3E-7,3.0E-7,6.3E-7,1.665E-5,3.4700000000000002E-6,3.9E-6,2.64E-6,3.9E-6,2.64E-6,1.665E-5,3.4700000000000002E-6,2.61E-6,2.166E-5,2.61E-6,2.166E-5,1.094E-5,1.444E-5,1.094E-5,1.444E-5,5.39E-6,2.57E-6,5.39E-6,2.57E-6,6.51E-6,3.36E-6,6.51E-6,3.36E-6
1.0E-6,8.419999999999999E-5,1.74E-5,3.3999999999999996E-6,1.5E-6,1.88E-5,3.0,7.0,3.0,5.0,3.0,16.0,9.000000000000001E-7,9.000000000000001E-7,1.09E-6,1.21E-6,3.0E-7,4.5E-7,1.508E-5,3.415E-6,3.9E-6,2.74E-6,3.9E-6,2.74E-6,1.508E-5,3.415E-6,5.33E-6,8.040000000000001E-6,5.33E-6,8.040000000000001E-6,9.96E-6,1.4265E-5,9.96E-6,1.4265E-5,5.36E-6,2.57E-6,5.36E-6,2.57E-6,8.91E-6,2.92E-6,8.91E-6,2.92E-6
1.0E-6,9.03E-5,1.26E-5,2.9E-6,1.1E-6,1.85E-5,3.0,9.0,3.0,3.0,3.0,15.0,8.9E-7,9.000000000000001E-7,7.7E-7,6.800000000000001E-7,3.0E-7,5.0E-7,1.47E-5,3.4700000000000002E-6,3.9E-6,2.605E-6,3.9E-6,2.605E-6,1.47E-5,3.4700000000000002E-6,4.3700000000000005E-6,6.44E-6,4.3700000000000005E-6,6.44E-6,1.256E-5,1.227E-5,1.256E-5,1.227E-5,5.33E-6,2.57E-6,5.33E-6,2.57E-6,4.1E-6,3.2050000000000002E-6,4.1E-6,3.2050000000000002E-6
1.0E-6,8.41E-5,2.13E-5,1.6999999999999998E-6,2.0E-6,2.84E-5,3.0,7.0,3.0,5.0,3.0,13.0,9.6E-7,9.1E-7,1.03E-6,8.9E-7,3.0E-7,5.599999999999999E-7,1.368E-5,4.42E-6,3.3E-6,2.905E-6,3.3E-6,2.905E-6,1.368E-5,4.42E-6,5.15E-6,9.34E-6,5.15E-6,9.34E-6,1.003E-5,1.425E-5,1.003E-5,1.425E-5,5.54E-6,2.57E-6,5.54E-6,2.57E-6,8.31E-6,2.58E-6,8.31E-6,2.58E-6
1.0E-6,8.41E-5,1.9299999999999998E-5,2.1000000000000002E-6,2.0E-6,2.84E-5,3.0,7.0,3.0,5.0,3.0,13.0,9.6E-7,9.1E-7,1.03E-6,8.9E-7,3.0E-7,5.599999999999999E-7,1.368E-5,4.42E-6,3.3E-6,2.905E-6,3.3E-6,2.905E-6,1.368E-5,4.42E-6,5.15E-6,8.67E-6,5.15E-6,8.67E-6,1.003E-5,1.425E-5,1.003E-5,1.425E-5,5.54E-6,2.57E-6,5.54E-6,2.57E-6,8.31E-6,2.66E-6,8.31E-6,2.66E-6
1.0E-6,8.539999999999999E-5,2.03E-5,5.6E-6,1.2E-6,1.85E-5,3.0,7.0,1.0,5.0,3.0,15.0,9.1E-7,1.04E-6,1.35E-6,7.3E-7,3.0E-7,6.3E-7,1.665E-5,3.4700000000000002E-6,3.9E-6,2.64E-6,3.9E-6,2.64E-6,1.665E-5,3.4700000000000002E-6,2.61E-6,2.166E-5,2.61E-6,2.166E-5,1.094E-5,1.444E-5,1.094E-5,1.444E-5,5.39E-6,2.57E-6,5.39E-6,2.57E-6,6.51E-6,3.36E-6,6.51E-6,3.36E-6
1.0E-6,8.419999999999999E-5,1.74E-5,3.3999999999999996E-6,1.5E-6,1.88E-5,3.0,7.0,3.0,5.0,3.0,16.0,9.000000000000001E-7,9.000000000000001E-7,1.09E-6,1.21E-6,3.0E-7,4.5E-7,1.508E-5,3.415E-6,3.9E-6,2.74E-6,3.9E-6,2.74E-6,1.508E-5,3.415E-6,5.33E-6,8.040000000000001E-6,5.33E-6,8.040000000000001E-6,9.96E-6,1.4265E-5,9.96E-6,1.4265E-5,5.36E-6,2.57E-6,5.36E-6,2.57E-6,8.91E-6,2.92E-6,8.91E-6,2.92E-6
1.0E-6,9.03E-5,1.26E-5,2.9E-6,1.1E-6,1.85E-5,3.0,9.0,3.0,3.0,3.0,15.0,8.9E-7,9.000000000000001E-7,7.7E-7,6.800000000000001E-7,3.0E-7,5.0E-7,1.47E-5,3.4700000000000002E-6,3.9E-6,2.605E-6,3.9E-6,2.605E-6,1.47E-5,3.4700000000000002E-6,4.3700000000000005E-6,6.44E-6,4.3700000000000005E-6,6.44E-6,1.256E-5,1.227E-5,1.256E-5,1.227E-5,5.33E-6,2.57E-6,5.33E-6,2.57E-6,4.1E-6,3.2050000000000002E-6,4.1E-6,3.2050000000000002E-6
1.0E-6,8.41E-5,2.13E-5,1.6999999999999998E-6,2.0E-6,2.84E-5,3.0,7.0,3.0,5.0,3.0,13.0,9.6E-7,9.1E-7,1.03E-6,8.9E-7,3.0E-7,5.599999999999999E-7,1.368E-5,4.42E-6,3.3E-6,2.905E-6,3.3E-6,2.905E-6,1.368E-5,4.42E-6,5.15E-6,9.34E-6,5.15E-6,9.34E-6,1.003E-5,1.425E-5,1.003E-5,1.425E-5,5.54E-6,2.57E-6,5.54E-6,2.57E-6,8.31E-6,2.58E-6,8.31E-6,2.58E-6
1.0E-6,8.41E-5,1.9299999999999998E-5,2.1000000000000002E-6,2.0E-6,2.84E-5,3.0,7.0,3.0,5.0,3.0,13.0,9.6E-7,9.1E-7,1.03E-6,8.9E-7,3.0E-7,5.599999999999999E-7,1.368E-5,4.42E-6,3.3E-6,2.905E-6,3.3E-6,2.905E-6,1.368E-5,4.42E-6,5.15E-6,8.67E-6,5.15E-6,8.67E-6,1.003E-5,1.425E-5,1.003E-5,1.425E-5,5.54E-6,2.57E-6,5.54E-6,2.57E-6,8.31E-6,2.66E-6,8.31E-6,2.66E-6
1.0E-6,8.539999999999999E-5,2.03E-5,5.6E-6,1.2E-6,1.85E-5,3.0,7.0,1.0,5.0,3.0,15.0,9.1E-7,1.04E-6,1.35E-6,7.3E-7,3.0E-7,6.3E-7,1.665E-5,3.4700000000000002E-6,3.9E-6,2.64E-6,3.9E-6,2.64E-6,1.665E-5,3.4700000000000002E-6,2.61E-6,2.166E-5,2.61E-6,2.166E-5,1.094E-5,1.444E-5,1.094E-5,1.444E-5,5.39E-6,2.57E-6,5.39E-6,2.57E-6,6.51E-6,3.36E-6,6.51E-6,3.36E-6
1.0E-6,8.419999999999999E-5,1.74E-5,3.3999999999999996E-6,1.5E-6,1.88E-5,3.0,7.0,3.0,5.0,3.0,16.0,9.000000000000001E-7,9.000000000000001E-7,1.09E-6,1.21E-6,3.0E-7,4.5E-7,1.508E-5,3.415E-6,3.9E-6,2.74E-6,3.9E-6,2.74E-6,1.508E-5,3.415E-6,5.33E-6,8.040000000000001E-6,5.33E-6,8.040000000000001E-6,9.96E-6,1.4265E-5,9.96E-6,1.4265E-5,5.36E-6,2.57E-6,5.36E-6,2.57E-6,8.91E-6,2.92E-6,8.91E-6,2.92E-6
1.0E-6,9.03E-5,1.26E-5,2.9E-6,1.1E-6,1.85E-5,3.0,9.0,3.0,3.0,3.0,15.0,8.9E-7,9.000000000000001E-7,7.7E-7,6.800000000000001E-7,3.0E-7,5.0E-7,1.47E-5,3.4700000000000002E-6,3.9E-6,2.605E-6,3.9E-6,2.605E-6,1.47E-5,3.4700000000000002E-6,4.3700000000000005E-6,6.44E-6,4.3700000000000005E-6,6.44E-6,1.256E-5,1.227E-5,1.256E-5,1.227E-5,5.33E-6,2.57E-6,5.33E-6,2.57E-6,4.1E-6,3.2050000000000002E-6,4.1E-6,3.2050000000000002E-6
1.0E-6,8.41E-5,2.13E-5,1.6999999999999998E-6,2.0E-6,2.84E-5,3.0,7.0,3.0,5.0,3.0,13.0,9.6E-7,9.1E-7,1.03E-6,8.9E-7,3.0E-7,5.599999999999999E-7,1.368E-5,4.42E-6,3.3E-6,2.905E-6,3.3E-6,2.905E-6,1.368E-5,4.42E-6,5.15E-6,9.34E-6,5.15E-6,9.34E-6,1.003E-5,1.425E-5,1.003E-5,1.425E-5,5.54E-6,2.57E-6,5.54E-6,2.57E-6,8.31E-6,2.58E-6,8.31E-6,2.58E-6
1.0E-6,8.41E-5,1.9299999999999998E-5,2.1000000000000002E-6,2.0E-6,2.84E-5,3.0,7.0,3.0,5.0,3.0,13.0,9.6E-7,9.1E-7,1.03E-6,8.9E-7,3.0E-7,5.599999999999999E-7,1.368E-5,4.42E-6,3.3E-6,2.905E-6,3.3E-6,2.905E-6,1.368E-5,4.42E-6,5.15E-6,8.67E-6,5.15E-6,8.67E-6,1.003E-5,1.425E-5,1.003E-5,1.425E-5,5.54E-6,2.57E-6,5.54E-6,2.57E-6,8.31E-6,2.66E-6,8.31E-6,2.66E-6
1.0E-6,7.659999999999999E-5,1.43E-5,1.5E-6,1.8E-6,3.12E-5,3.0,5.0,3.0,7.0,5.0,16.0,8.9E-7,8.8E-7,7.799999999999999E-7,7.7E-7,3.0E-7,6.3E-7,1.796E-5,4.19E-6,5.7000000000000005E-6,2.6E-6,5.7000000000000005E-6,2.6E-6,1.796E-5,4.19E-6,4.4E-6,7.005E-6,4.4E-6,7.005E-6,7.26E-6,1.756E-5,7.26E-6,1.756E-5,5.33E-6,2.57E-6,5.33E-6,2.57E-6,1.045E-5,2.4500000000000003E-6,1.045E-5,2.4500000000000003E-6
1.0E-6,8.419999999999999E-5,1.3000000000000001E-5,4.7E-6,2.0E-6,3.0999999999999995E-5,3.0,11.0,5.0,7.0,3.0,16.0,8.499999999999999E-7,1.09E-6,7.799999999999999E-7,2.24E-6,3.0E-7,5.599999999999999E-7,1.684E-5,4.175E-6,3.3E-6,2.905E-6,3.3E-6,2.905E-6,1.684E-5,4.175E-6,6.7600000000000005E-6,4.84E-6,6.7600000000000005E-6,4.84E-6,1.725E-5,9.89E-6,1.725E-5,9.89E-6,5.21E-6,2.57E-6,5.21E-6,2.57E-6,1.934E-5,2.91E-6,1.934E-5,2.91E-6
1.0E-6,8.489999999999999E-5,1.4E-5,5.199999999999999E-6,2.0E-6,3.02E-5,5.0,7.0,1.0,5.0,3.0,13.0,1.37E-6,2.15E-6,7.799999999999999E-7,1.58E-6,3.0E-7,4.5E-7,1.225E-5,4.56E-6,3.3E-6,2.905E-6,3.3E-6,2.905E-6,1.225E-5,4.56E-6,2.04E-6,1.5360000000000002E-5,2.04E-6,1.5360000000000002E-5,1.871E-5,1.4365E-5,1.871E-5,1.4365E-5,1.071E-5,2.44E-6,1.071E-5,2.44E-6,1.076E-5,3.28E-6,1.076E-5,3.28E-6
1.0E-6,9.03E-5,1.26E-5,2.9E-6,1.1E-6,1.85E-5,3.0,9.0,3.0,3.0,3.0,15.0,8.6E-7,8.0E-7,7.900000000000001E-7,5.5E-7,3.0E-7,5.0E-7,1.47E-5,3.4700000000000002E-6,3.9E-6,2.605E-6,3.9E-6,2.605E-6,1.47E-5,3.4700000000000002E-6,4.43E-6,6.44E-6,4.43E-6,6.44E-6,1.166E-5,1.227E-5,1.166E-5,1.227E-5,5.24E-6,2.57E-6,5.24E-6,2.57E-6,3.71E-6,3.2050000000000002E-6,3.71E-6,3.2050000000000002E-6
1.0E-6,8.419999999999999E-5,1.74E-5,3.3999999999999996E-6,1.5E-6,1.88E-5,3.0,7.0,3.0,5.0,3.0,16.0,9.000000000000001E-7,9.000000000000001E-7,1.09E-6,1.21E-6,3.0E-7,4.5E-7,1.508E-5,3.415E-6,3.9E-6,2.74E-6,3.9E-6,2.74E-6,1.508E-5,3.415E-6,5.33E-6,8.040000000000001E-6,5.33E-6,8.040000000000001E-6,9.96E-6,1.4265E-5,9.96E-6,1.4265E-5,5.36E-6,2.57E-6,5.36E-6,2.57E-6,8.91E-6,2.92E-6,8.91E-6,2.92E-6
1.0E-6,9.099999999999999E-5,1.71E-5,1.6E-6,2.0E-6,2.58E-5,1.0,7.0,3.0,5.0,3.0,16.0,1.0E-6,8.9E-7,8.699999999999999E-7,1.48E-6,3.0E-7,4.5E-7,1.508E-5,3.85E-6,3.3E-6,2.905E-6,3.3E-6,2.905E-6,1.508E-5,3.85E-6,4.67E-6,7.94E-6,4.67E-6,7.94E-6,9.89E-6,1.524E-5,9.89E-6,1.524E-5,2.26E-6,2.36E-6,2.26E-6,2.36E-6,1.126E-5,2.56E-6,1.126E-5,2.56E-6
1.0E-6,9.059999999999999E-5,1.9E-5,1.4E-6,1.2E-6,1.73E-5,3.0,7.0,3.0,3.0,3.0,15.0,8.9E-7,9.000000000000001E-7,9.6E-7,1.13E-6,3.0E-7,5.0E-7,1.47E-5,3.39E-6,3.9E-6,2.64E-6,3.9E-6,2.64E-6,1.47E-5,3.39E-6,4.94E-6,8.570000000000001E-6,4.94E-6,8.570000000000001E-6,9.96E-6,1.518E-5,9.96E-6,1.518E-5,5.33E-6,2.57E-6,5.33E-6,2.57E-6,6.0500000000000005E-6,2.705E-6,6.0500000000000005E-6,2.705E-6
1.0E-6,9.03E-5,1.26E-5,2.9E-6,1.1E-6,1.85E-5,3.0,9.0,3.0,3.0,3.0,15.0,8.9E-7,9.000000000000001E-7,7.7E-7,6.800000000000001E-7,3.0E-7,5.0E-7,1.47E-5,3.4700000000000002E-6,3.9E-6,2.605E-6,3.9E-6,2.605E-6,1.47E-5,3.4700000000000002E-6,4.3700000000000005E-6,6.44E-6,4.3700000000000005E-6,6.44E-6,1.256E-5,1.227E-5,1.256E-5,1.227E-5,5.33E-6,2.57E-6,5.33E-6,2.57E-6,4.1E-6,3.2050000000000002E-6,4.1E-6,3.2050000000000002E-6
1.0E-6,8.41E-5,2.13E-5,1.6999999999999998E-6,2.0E-6,2.84E-5,3.0,7.0,3.0,5.0,3.0,13.0,9.6E-7,9.1E-7,1.03E-6,8.9E-7,3.0E-7,5.599999999999999E-7,1.368E-5,4.42E-6,3.3E-6,2.905E-6,3.3E-6,2.905E-6,1.368E-5,4.42E-6,5.15E-6,9.34E-6,5.15E-6,9.34E-6,1.003E-5,1.425E-5,1.003E-5,1.425E-5,5.54E-6,2.57E-6,5.54E-6,2.57E-6,8.31E-6,2.58E-6,8.31E-6,2.58E-6
1.0E-6,8.41E-5,1.9299999999999998E-5,2.1000000000000002E-6,2.0E-6,2.84E-5,3.0,7.0,3.0,5.0,3.0,13.0,9.6E-7,9.1E-7,1.03E-6,8.9E-7,3.0E-7,5.599999999999999E-7,1.368E-5,4.42E-6,3.3E-6,2.905E-6,3.3E-6,2.905E-6,1.368E-5,4.42E-6,5.15E-6,8.67E-6,5.15E-6,8.67E-6,1.003E-5,1.425E-5,1.003E-5,1.425E-5,5.54E-6,2.57E-6,5.54E-6,2.57E-6,8.31E-6,2.66E-6,8.31E-6,2.66E-6
1.0E-6,7.659999999999999E-5,1.43E-5,1.5E-6,1.8E-6,3.12E-5,3.0,5.0,3.0,7.0,5.0,16.0,8.9E-7,8.8E-7,7.799999999999999E-7,7.7E-7,3.0E-7,6.3E-7,1.796E-5,4.19E-6,5.7000000000000005E-6,2.6E-6,5.7000000000000005E-6,2.6E-6,1.796E-5,4.19E-6,4.4E-6,7.005E-6,4.4E-6,7.005E-6,7.26E-6,1.756E-5,7.26E-6,1.756E-5,5.33E-6,2.57E-6,5.33E-6,2.57E-6,1.045E-5,2.4500000000000003E-6,1.045E-5,2.4500000000000003E-6
1.0E-6,8.419999999999999E-5,1.3000000000000001E-5,4.7E-6,2.0E-6,3.0999999999999995E-5,3.0,11.0,5.0,7.0,3.0,16.0,8.499999999999999E-7,1.09E-6,7.799999999999999E-7,2.24E-6,3.0E-7,5.599999999999999E-7,1.684E-5,4.175E-6,3.3E-6,2.905E-6,3.3E-6,2.905E-6,1.684E-5,4.175E-6,6.7600000000000005E-6,4.84E-6,6.7600000000000005E-6,4.84E-6,1.725E-5,9.89E-6,1.725E-5,9.89E-6,5.21E-6,2.57E-6,5.21E-6,2.57E-6,1.934E-5,2.91E-6,1.934E-5,2.91E-6
1.0E-6,8.489999999999999E-5,1.4E-5,5.199999999999999E-6,2.0E-6,3.02E-5,5.0,7.0,1.0,5.0,3.0,13.0,1.37E-6,2.15E-6,7.799999999999999E-7,1.58E-6,3.0E-7,4.5E-7,1.225E-5,4.56E-6,3.3E-6,2.905E-6,3.3E-6,2.905E-6,1.225E-5,4.56E-6,2.04E-6,1.5360000000000002E-5,2.04E-6,1.5360000000000002E-5,1.871E-5,1.4365E-5,1.871E-5,1.4365E-5,1.071E-5,2.44E-6,1.071E-5,2.44E-6,1.076E-5,3.28E-6,1.076E-5,3.28E-6
1.0E-6,9.03E-5,1.26E-5,2.9E-6,1.1E-6,1.85E-5,3.0,9.0,3.0,3.0,3.0,15.0,8.6E-7,8.0E-7,7.900000000000001E-7,5.5E-7,3.0E-7,5.0E-7,1.47E-5,3.4700000000000002E-6,3.9E-6,2.605E-6,3.9E-6,2.605E-6,1.47E-5,3.4700000000000002E-6,4.43E-6,6.44E-6,4.43E-6,6.44E-6,1.166E-5,1.227E-5,1.166E-5,1.227E-5,5.24E-6,2.57E-6,5.24E-6,2.57E-6,3.71E-6,3.2050000000000002E-6,3.71E-6,3.2050000000000002E-6
1.0E-6,8.419999999999999E-5,1.74E-5,3.3999999999999996E-6,1.5E-6,1.88E-5,3.0,7.0,3.0,5.0,3.0,16.0,9.000000000000001E-7,9.000000000000001E-7,1.09E-6,1.21E-6,3.0E-7,4.5E-7,1.508E-5,3.415E-6,3.9E-6,2.74E-6,3.9E-6,2.74E-6,1.508E-5,3.415E-6,5.33E-6,8.040000000000001E-6,5.33E-6,8.040000000000001E-6,9.96E-6,1.4265E-5,9.96E-6,1.4265E-5,5.36E-6,2.57E-6,5.36E-6,2.57E-6,8.91E-6,2.92E-6,8.91E-6,2.92E-6
1.0E-6,9.099999999999999E-5,1.71E-5,1.6E-6,2.0E-6,2.58E-5,1.0,7.0,3.0,5.0,3.0,16.0,1.0E-6,8.9E-7,8.699999999999999E-7,1.48E-6,3.0E-7,4.5E-7,1.508E-5,3.85E-6,3.3E-6,2.905E-6,3.3E-6,2.905E-6,1.508E-5,3.85E-6,4.67E-6,7.94E-6,4.67E-6,7.94E-6,9.89E-6,1.524E-5,9.89E-6,1.524E-5,2.26E-6,2.36E-6,2.26E-6,2.36E-6,1.126E-5,2.56E-6,1.126E-5,2.56E-6
1.0E-6,9.059999999999999E-5,1.9E-5,1.4E-6,1.2E-6,1.73E-5,3.0,7.0,3.0,3.0,3.0,15.0,8.9E-7,9.000000000000001E-7,9.6E-7,1.13E-6,3.0E-7,5.0E-7,1.47E-5,3.39E-6,3.9E-6,2.64E-6,3.9E-6,2.64E-6,1.47E-5,3.39E-6,4.94E-6,8.570000000000001E-6,4.94E-6,8.570000000000001E-6,9.96E-6,1.518E-5,9.96E-6,1.518E-5,5.33E-6,2.57E-6,5.33E-6,2.57E-6,6.0500000000000005E-6,2.705E-6,6.0500000000000005E-6,2.705E-6
1.0E-6,9.03E-5,1.26E-5,2.9E-6,1.1E-6,1.85E-5,3.0,9.0,3.0,3.0,3.0,15.0,8.9E-7,9.000000000000001E-7,7.7E-7,6.800000000000001E-7,3.0E-7,5.0E-7,1.47E-5,3.4700000000000002E-6,3.9E-6,2.605E-6,3.9E-6,2.605E-6,1.47E-5,3.4700000000000002E-6,4.3700000000000005E-6,6.44E-6,4.3700000000000005E-6,6.44E-6,1.256E-5,1.227E-5,1.256E-5,1.227E-5,5.33E-6,2.57E-6,5.33E-6,2.57E-6,4.1E-6,3.2050000000000002E-6,4.1E-6,3.2050000000000002E-6
1.0E-6,8.41E-5,2.13E-5,1.6999999999999998E-6,2.0E-6,2.84E-5,3.0,7.0,3.0,5.0,3.0,13.0,9.6E-7,9.1E-7,1.03E-6,8.9E-7,3.0E-7,5.599999999999999E-7,1.368E-5,4.42E-6,3.3E-6,2.905E-6,3.3E-6,2.905E-6,1.368E-5,4.42E-6,5.15E-6,9.34E-6,5.15E-6,9.34E-6,1.003E-5,1.425E-5,1.003E-5,1.425E-5,5.54E-6,2.57E-6,5.54E-6,2.57E-6,8.31E-6,2.58E-6,8.31E-6,2.58E-6
1.0E-6,8.41E-5,1.9299999999999998E-5,2.1000000000000002E-6,2.0E-6,2.84E-5,3.0,7.0,3.0,5.0,3.0,13.0,9.6E-7,9.1E-7,1.03E-6,8.9E-7,3.0E-7,5.599999999999999E-7,1.368E-5,4.42E-6,3.3E-6,2.905E-6,3.3E-6,2.905E-6,1.368E-5,4.42E-6,5.15E-6,8.67E-6,5.15E-6,8.67E-6,1.003E-5,1.425E-5,1.003E-5,1.425E-5,5.54E-6,2.57E-6,5.54E-6,2.57E-6,8.31E-6,2.66E-6,8.31E-6,2.66E-6
1.0E-6,7.659999999999999E-5,1.43E-5,1.5E-6,1.8E-6,3.12E-5,3.0,5.0,3.0,7.0,5.0,16.0,8.9E-7,8.8E-7,7.799999999999999E-7,7.7E-7,3.0E-7,6.3E-7,1.796E-5,4.19E-6,5.7000000000000005E-6,2.6E-6,5.7000000000000005E-6,2.6E-6,1.796E-5,4.19E-6,4.4E-6,7.005E-6,4.4E-6,7.005E-6,7.26E-6,1.756E-5,7.26E-6,1.756E-5,5.33E-6,2.57E-6,5.33E-6,2.57E-6,1.045E-5,2.4500000000000003E-6,1.045E-5,2.4500000000000003E-6
1.0E-6,8.419999999999999E-5,1.3000000000000001E-5,4.7E-6,2.0E-6,3.0999999999999995E-5,3.0,11.0,5.0,5.0,3.0,16.0,8.499999999999999E-7,1.09E-6,7.799999999999999E-7,2.24E-6,3.0E-7,5.599999999999999E-7,1.684E-5,4.175E-6,3.3E-6,2.905E-6,3.3E-6,2.905E-6,1.684E-5,4.175E-6,6.7600000000000005E-6,4.84E-6,6.7600000000000005E-6,4.84E-6,1.725E-5,9.89E-6,1.725E-5,9.89E-6,5.21E-6,2.57E-6,5.21E-6,2.57E-6,1.4060000000000001E-5,3.18E-6,1.4060000000000001E-5,3.18E-6
1.0E-6,8.489999999999999E-5,1.4E-5,5.199999999999999E-6,2.0E-6,3.02E-5,5.0,7.0,1.0,5.0,3.0,13.0,1.37E-6,2.15E-6,7.799999999999999E-7,1.58E-6,3.0E-7,4.5E-7,1.225E-5,4.56E-6,3.3E-6,2.905E-6,3.3E-6,2.905E-6,1.225E-5,4.56E-6,2.04E-6,1.5360000000000002E-5,2.04E-6,1.5360000000000002E-5,1.871E-5,1.4365E-5,1.871E-5,1.4365E-5,1.071E-5,2.44E-6,1.071E-5,2.44E-6,1.076E-5,3.28E-6,1.076E-5,3.28E-6
1.0E-6,4.73E-5,1.06E-5,2.1000000000000002E-6,2.5999999999999997E-6,3.7199999999999996E-5,5.0,9.0,3.0,7.0,3.0,13.0,7.799999999999999E-7,4.6999999999999995E-7,7.1E-7,6.699999999999999E-7,3.0E-7,5.4E-7,1.342E-5,5.1E-6,3.3E-6,3.105E-6,3.3E-6,3.105E-6,1.342E-5,5.1E-6,4.19E-6,5.77E-6,4.19E-6,5.77E-6,8.69E-6,7.495E-6,8.69E-6,7.495E-6,7.76E-6,2.44E-6,7.76E-6,2.44E-6,9.75E-6,2.5400000000000002E-6,9.75E-6,2.5400000000000002E-6
1.0E-6,9.03E-5,1.26E-5,2.9E-6,1.1E-6,1.85E-5,3.0,9.0,3.0,3.0,3.0,15.0,8.6E-7,8.0E-7,7.900000000000001E-7,5.5E-7,3.0E-7,5.0E-7,1.47E-5,3.4700000000000002E-6,3.9E-6,2.605E-6,3.9E-6,2.605E-6,1.47E-5,3.4700000000000002E-6,4.43E-6,6.44E-6,4.43E-6,6.44E-6,1.166E-5,1.227E-5,1.166E-5,1.227E-5,5.24E-6,2.57E-6,5.24E-6,2.57E-6,3.71E-6,3.2050000000000002E-6,3.71E-6,3.2050000000000002E-6
1.0E-6,8.419999999999999E-5,1.74E-5,3.3999999999999996E-6,1.5E-6,1.88E-5,3.0,7.0,3.0,5.0,3.0,16.0,9.000000000000001E-7,9.000000000000001E-7,1.09E-6,1.21E-6,3.0E-7,4.5E-7,1.508E-5,3.415E-6,3.9E-6,2.74E-6,3.9E-6,2.74E-6,1.508E-5,3.415E-6,5.33E-6,8.040000000000001E-6,5.33E-6,8.040000000000001E-6,9.96E-6,1.4265E-5,9.96E-6,1.4265E-5,5.36E-6,2.57E-6,5.36E-6,2.57E-6,8.91E-6,2.92E-6,8.91E-6,2.92E-6
1.0E-6,9.099999999999999E-5,1.71E-5,1.6E-6,2.0E-6,2.58E-5,1.0,7.0,3.0,5.0,3.0,16.0,1.0E-6,8.9E-7,8.699999999999999E-7,1.48E-6,3.0E-7,4.5E-7,1.508E-5,3.85E-6,3.3E-6,2.905E-6,3.3E-6,2.905E-6,1.508E-5,3.85E-6,4.67E-6,7.94E-6,4.67E-6,7.94E-6,9.89E-6,1.524E-5,9.89E-6,1.524E-5,2.26E-6,2.36E-6,2.26E-6,2.36E-6,1.126E-5,2.56E-6,1.126E-5,2.56E-6
1.0E-6,9.059999999999999E-5,1.9E-5,1.4E-6,1.2E-6,1.73E-5,3.0,7.0,3.0,3.0,3.0,15.0,8.9E-7,9.000000000000001E-7,9.6E-7,1.13E-6,3.0E-7,5.0E-7,1.47E-5,3.39E-6,3.9E-6,2.64E-6,3.9E-6,2.64E-6,1.47E-5,3.39E-6,4.94E-6,8.570000000000001E-6,4.94E-6,8.570000000000001E-6,9.96E-6,1.518E-5,9.96E-6,1.518E-5,5.33E-6,2.57E-6,5.33E-6,2.57E-6,6.0500000000000005E-6,2.705E-6,6.0500000000000005E-6,2.705E-6
1.0E-6,9.03E-5,1.26E-5,2.9E-6,1.1E-6,1.85E-5,3.0,9.0,3.0,3.0,3.0,15.0,8.9E-7,9.000000000000001E-7,7.7E-7,6.800000000000001E-7,3.0E-7,5.0E-7,1.47E-5,3.4700000000000002E-6,3.9E-6,2.605E-6,3.9E-6,2.605E-6,1.47E-5,3.4700000000000002E-6,4.3700000000000005E-6,6.44E-6,4.3700000000000005E-6,6.44E-6,1.256E-5,1.227E-5,1.256E-5,1.227E-5,5.33E-6,2.57E-6,5.33E-6,2.57E-6,4.1E-6,3.2050000000000002E-6,4.1E-6,3.2050000000000002E-6
1.0E-6,8.41E-5,2.13E-5,1.6999999999999998E-6,2.0E-6,2.84E-5,3.0,7.0,3.0,5.0,3.0,13.0,9.6E-7,9.1E-7,1.03E-6,8.9E-7,3.0E-7,5.599999999999999E-7,1.368E-5,4.42E-6,3.3E-6,2.905E-6,3.3E-6,2.905E-6,1.368E-5,4.42E-6,5.15E-6,9.34E-6,5.15E-6,9.34E-6,1.003E-5,1.425E-5,1.003E-5,1.425E-5,5.54E-6,2.57E-6,5.54E-6,2.57E-6,8.31E-6,2.58E-6,8.31E-6,2.58E-6
1.0E-6,8.41E-5,1.9299999999999998E-5,2.1000000000000002E-6,2.0E-6,2.84E-5,3.0,7.0,3.0,5.0,3.0,13.0,9.6E-7,9.1E-7,1.03E-6,8.9E-7,3.0E-7,5.599999999999999E-7,1.368E-5,4.42E-6,3.3E-6,2.905E-6,3.3E-6,2.905E-6,1.368E-5,4.42E-6,5.15E-6,8.67E-6,5.15E-6,8.67E-6,1.003E-5,1.425E-5,1.003E-5,1.425E-5,5.54E-6,2.57E-6,5.54E-6,2.57E-6,8.31E-6,2.66E-6,8.31E-6,2.66E-6
1.0E-6,7.699999999999999E-5,1.91E-5,2.1000000000000002E-6,1.8E-6,2.84E-5,3.0,7.0,3.0,7.0,5.0,16.0,9.3E-7,8.9E-7,9.1E-7,8.499999999999999E-7,3.0E-7,5.900000000000001E-7,1.732E-5,4.015E-6,5.7000000000000005E-6,2.6E-6,5.7000000000000005E-6,2.6E-6,1.732E-5,4.015E-6,4.79E-6,8.605E-6,4.79E-6,8.605E-6,9.89E-6,1.324E-5,9.89E-6,1.324E-5,5.45E-6,2.57E-6,5.45E-6,2.57E-6,1.101E-5,2.5400000000000002E-6,1.101E-5,2.5400000000000002E-6
1.0E-6,7.659999999999999E-5,1.43E-5,1.5E-6,1.8E-6,3.12E-5,3.0,5.0,3.0,7.0,5.0,16.0,8.9E-7,8.8E-7,7.799999999999999E-7,7.7E-7,3.0E-7,6.3E-7,1.796E-5,4.19E-6,5.7000000000000005E-6,2.6E-6,5.7000000000000005E-6,2.6E-6,1.796E-5,4.19E-6,4.4E-6,7.005E-6,4.4E-6,7.005E-6,7.26E-6,1.756E-5,7.26E-6,1.756E-5,5.33E-6,2.57E-6,5.33E-6,2.57E-6,1.045E-5,2.4500000000000003E-6,1.045E-5,2.4500000000000003E-6
1.0E-6,8.419999999999999E-5,1.3000000000000001E-5,4.7E-6,2.0E-6,3.0999999999999995E-5,3.0,11.0,5.0,5.0,3.0,16.0,8.499999999999999E-7,1.09E-6,7.799999999999999E-7,2.24E-6,3.0E-7,5.599999999999999E-7,1.684E-5,4.175E-6,3.3E-6,2.905E-6,3.3E-6,2.905E-6,1.684E-5,4.175E-6,6.7600000000000005E-6,4.84E-6,6.7600000000000005E-6,4.84E-6,1.725E-5,9.89E-6,1.725E-5,9.89E-6,5.21E-6,2.57E-6,5.21E-6,2.57E-6,1.4060000000000001E-5,3.18E-6,1.4060000000000001E-5,3.18E-6
1.0E-6,8.489999999999999E-5,1.4E-5,5.199999999999999E-6,2.0E-6,3.02E-5,5.0,7.0,1.0,5.0,3.0,13.0,1.37E-6,2.15E-6,7.799999999999999E-7,1.58E-6,3.0E-7,4.5E-7,1.225E-5,4.56E-6,3.3E-6,2.905E-6,3.3E-6,2.905E-6,1.225E-5,4.56E-6,2.04E-6,1.5360000000000002E-5,2.04E-6,1.5360000000000002E-5,1.871E-5,1.4365E-5,1.871E-5,1.4365E-5,1.071E-5,2.44E-6,1.071E-5,2.44E-6,1.076E-5,3.28E-6,1.076E-5,3.28E-6
1.0E-6,8.24E-5,1.9299999999999998E-5,2.2E-6,2.2E-6,3.0299999999999998E-5,3.0,11.0,3.0,9.0,1.0,15.0,9.200000000000001E-7,8.299999999999999E-7,9.399999999999999E-7,2.02E-6,3.0E-7,5.1E-7,1.485E-5,4.26E-6,1.9E-6,3.5600000000000002E-6,1.9E-6,3.5600000000000002E-6,1.485E-5,4.26E-6,4.88E-6,8.67E-6,4.88E-6,8.67E-6,1.4390000000000001E-5,9.73E-6,1.4390000000000001E-5,9.73E-6,5.42E-6,2.57E-6,5.42E-6,2.57E-6,2.444E-5,2.48E-6,2.444E-5,2.48E-6
1.0E-6,4.73E-5,1.06E-5,2.1000000000000002E-6,2.5999999999999997E-6,3.7199999999999996E-5,5.0,9.0,3.0,7.0,3.0,13.0,7.799999999999999E-7,4.6999999999999995E-7,7.1E-7,6.699999999999999E-7,3.0E-7,5.4E-7,1.342E-5,5.1E-6,3.3E-6,3.105E-6,3.3E-6,3.105E-6,1.342E-5,5.1E-6,4.19E-6,5.77E-6,4.19E-6,5.77E-6,8.69E-6,7.495E-6,8.69E-6,7.495E-6,7.76E-6,2.44E-6,7.76E-6,2.44E-6,9.75E-6,2.5400000000000002E-6,9.75E-6,2.5400000000000002E-6
1.0E-6,9.03E-5,1.26E-5,2.9E-6,1.1E-6,1.85E-5,3.0,9.0,3.0,3.0,3.0,15.0,8.6E-7,8.0E-7,7.900000000000001E-7,5.5E-7,3.0E-7,5.0E-7,1.47E-5,3.4700000000000002E-6,3.9E-6,2.605E-6,3.9E-6,2.605E-6,1.47E-5,3.4700000000000002E-6,4.43E-6,6.44E-6,4.43E-6,6.44E-6,1.166E-5,1.227E-5,1.166E-5,1.227E-5,5.24E-6,2.57E-6,5.24E-6,2.57E-6,3.71E-6,3.2050000000000002E-6,3.71E-6,3.2050000000000002E-6
1.0E-6,8.419999999999999E-5,1.74E-5,3.3999999999999996E-6,1.5E-6,1.88E-5,3.0,7.0,3.0,5.0,3.0,16.0,9.000000000000001E-7,9.000000000000001E-7,1.09E-6,1.21E-6,3.0E-7,4.5E-7,1.508E-5,3.415E-6,3.9E-6,2.74E-6,3.9E-6,2.74E-6,1.508E-5,3.415E-6,5.33E-6,8.040000000000001E-6,5.33E-6,8.040000000000001E-6,9.96E-6,1.4265E-5,9.96E-6,1.4265E-5,5.36E-6,2.57E-6,5.36E-6,2.57E-6,8.91E-6,2.92E-6,8.91E-6,2.92E-6
1.0E-6,9.099999999999999E-5,1.71E-5,1.6E-6,2.0E-6,2.58E-5,1.0,7.0,3.0,5.0,3.0,16.0,1.0E-6,8.9E-7,8.699999999999999E-7,1.48E-6,3.0E-7,4.5E-7,1.508E-5,3.85E-6,3.3E-6,2.905E-6,3.3E-6,2.905E-6,1.508E-5,3.85E-6,4.67E-6,7.94E-6,4.67E-6,7.94E-6,9.89E-6,1.524E-5,9.89E-6,1.524E-5,2.26E-6,2.36E-6,2.26E-6,2.36E-6,1.126E-5,2.56E-6,1.126E-5,2.56E-6
1.0E-6,9.059999999999999E-5,1.9E-5,1.4E-6,1.2E-6,1.73E-5,3.0,7.0,3.0,3.0,3.0,15.0,8.9E-7,9.000000000000001E-7,9.6E-7,1.13E-6,3.0E-7,5.0E-7,1.47E-5,3.39E-6,3.9E-6,2.64E-6,3.9E-6,2.64E-6,1.47E-5,3.39E-6,4.94E-6,8.570000000000001E-6,4.94E-6,8.570000000000001E-6,9.96E-6,1.518E-5,9.96E-6,1.518E-5,5.33E-6,2.57E-6,5.33E-6,2.57E-6,6.0500000000000005E-6,2.705E-6,6.0500000000000005E-6,2.705E-6
1.0E-6,9.03E-5,1.26E-5,2.9E-6,1.1E-6,1.85E-5,3.0,9.0,3.0,3.0,3.0,15.0,8.9E-7,9.000000000000001E-7,7.7E-7,6.800000000000001E-7,3.0E-7,5.0E-7,1.47E-5,3.4700000000000002E-6,3.9E-6,2.605E-6,3.9E-6,2.605E-6,1.47E-5,3.4700000000000002E-6,4.3700000000000005E-6,6.44E-6,4.3700000000000005E-6,6.44E-6,1.256E-5,1.227E-5,1.256E-5,1.227E-5,5.33E-6,2.57E-6,5.33E-6,2.57E-6,4.1E-6,3.2050000000000002E-6,4.1E-6,3.2050000000000002E-6
1.0E-6,8.41E-5,2.13E-5,1.6999999999999998E-6,2.0E-6,2.84E-5,3.0,7.0,3.0,5.0,3.0,13.0,9.6E-7,9.1E-7,1.03E-6,8.9E-7,3.0E-7,5.599999999999999E-7,1.368E-5,4.42E-6,3.3E-6,2.905E-6,3.3E-6,2.905E-6,1.368E-5,4.42E-6,5.15E-6,9.34E-6,5.15E-6,9.34E-6,1.003E-5,1.425E-5,1.003E-5,1.425E-5,5.54E-6,2.57E-6,5.54E-6,2.57E-6,8.31E-6,2.58E-6,8.31E-6,2.58E-6
1.0E-6,8.41E-5,1.9299999999999998E-5,2.1000000000000002E-6,2.0E-6,2.84E-5,3.0,7.0,3.0,5.0,3.0,13.0,9.6E-7,9.1E-7,1.03E-6,8.9E-7,3.0E-7,5.599999999999999E-7,1.368E-5,4.42E-6,3.3E-6,2.905E-6,3.3E-6,2.905E-6,1.368E-5,4.42E-6,5.15E-6,8.67E-6,5.15E-6,8.67E-6,1.003E-5,1.425E-5,1.003E-5,1.425E-5,5.54E-6,2.57E-6,5.54E-6,2.57E-6,8.31E-6,2.66E-6,8.31E-6,2.66E-6
1.0E-6,7.699999999999999E-5,1.91E-5,2.1000000000000002E-6,1.8E-6,2.84E-5,3.0,7.0,3.0,7.0,5.0,16.0,9.3E-7,8.9E-7,9.1E-7,8.499999999999999E-7,3.0E-7,5.900000000000001E-7,1.732E-5,4.015E-6,5.7000000000000005E-6,2.6E-6,5.7000000000000005E-6,2.6E-6,1.732E-5,4.015E-6,4.79E-6,8.605E-6,4.79E-6,8.605E-6,9.89E-6,1.324E-5,9.89E-6,1.324E-5,5.45E-6,2.57E-6,5.45E-6,2.57E-6,1.101E-5,2.5400000000000002E-6,1.101E-5,2.5400000000000002E-6
1.0E-6,8.41E-5,1.52E-5,7.9E-6,1.8E-6,2.84E-5,3.0,7.0,3.0,7.0,5.0,16.0,9.000000000000001E-7,8.9E-7,9.1E-7,8.499999999999999E-7,3.0E-7,5.900000000000001E-7,1.732E-5,4.015E-6,5.7000000000000005E-6,2.6E-6,5.7000000000000005E-6,2.6E-6,1.732E-5,4.015E-6,4.79E-6,7.305E-6,4.79E-6,7.305E-6,9.89E-6,1.425E-5,9.89E-6,1.425E-5,5.36E-6,2.57E-6,5.36E-6,2.57E-6,9.61E-6,3.365E-6,9.61E-6,3.365E-6
1.0E-6,8.419999999999999E-5,1.3000000000000001E-5,4.7E-6,2.0E-6,3.0999999999999995E-5,3.0,11.0,5.0,5.0,3.0,16.0,8.499999999999999E-7,1.09E-6,7.799999999999999E-7,2.24E-6,3.0E-7,5.599999999999999E-7,1.684E-5,4.175E-6,3.3E-6,2.905E-6,3.3E-6,2.905E-6,1.684E-5,4.175E-6,6.7600000000000005E-6,4.84E-6,6.7600000000000005E-6,4.84E-6,1.725E-5,9.89E-6,1.725E-5,9.89E-6,5.21E-6,2.57E-6,5.21E-6,2.57E-6,1.4060000000000001E-5,3.18E-6,1.4060000000000001E-5,3.18E-6
1.0E-6,8.24E-5,1.8E-5,3.8E-6,2.2E-6,3.0299999999999998E-5,3.0,11.0,5.0,9.0,3.0,15.0,9.6E-7,9.000000000000001E-7,8.9E-7,1.7599999999999999E-6,3.0E-7,5.1E-7,1.485E-5,4.26E-6,3.3E-6,2.97E-6,3.3E-6,2.97E-6,1.485E-5,4.26E-6,7.31E-6,5.84E-6,7.31E-6,5.84E-6,1.516E-5,9.73E-6,1.516E-5,9.73E-6,5.54E-6,2.57E-6,5.54E-6,2.57E-6,2.2100000000000002E-5,2.66E-6,2.2100000000000002E-5,2.66E-6
1.0E-6,8.489999999999999E-5,1.4E-5,5.199999999999999E-6,2.0E-6,3.02E-5,5.0,7.0,1.0,5.0,3.0,13.0,1.37E-6,2.15E-6,7.799999999999999E-7,1.58E-6,3.0E-7,4.5E-7,1.225E-5,4.56E-6,3.3E-6,2.905E-6,3.3E-6,2.905E-6,1.225E-5,4.56E-6,2.04E-6,1.5360000000000002E-5,2.04E-6,1.5360000000000002E-5,1.871E-5,1.4365E-5,1.871E-5,1.4365E-5,1.071E-5,2.44E-6,1.071E-5,2.44E-6,1.076E-5,3.28E-6,1.076E-5,3.28E-6
1.0E-6,8.24E-5,1.9299999999999998E-5,2.2E-6,2.2E-6,3.0299999999999998E-5,3.0,11.0,3.0,9.0,1.0,15.0,9.200000000000001E-7,8.299999999999999E-7,9.399999999999999E-7,2.02E-6,3.0E-7,5.1E-7,1.485E-5,4.26E-6,1.9E-6,3.5600000000000002E-6,1.9E-6,3.5600000000000002E-6,1.485E-5,4.26E-6,4.88E-6,8.67E-6,4.88E-6,8.67E-6,1.4390000000000001E-5,9.73E-6,1.4390000000000001E-5,9.73E-6,5.42E-6,2.57E-6,5.42E-6,2.57E-6,2.444E-5,2.48E-6,2.444E-5,2.48E-6
1.0E-6,4.73E-5,1.06E-5,2.1000000000000002E-6,2.5999999999999997E-6,3.7199999999999996E-5,5.0,9.0,3.0,7.0,3.0,13.0,7.799999999999999E-7,4.6999999999999995E-7,7.1E-7,6.699999999999999E-7,3.0E-7,5.4E-7,1.342E-5,5.1E-6,3.3E-6,3.105E-6,3.3E-6,3.105E-6,1.342E-5,5.1E-6,4.19E-6,5.77E-6,4.19E-6,5.77E-6,8.69E-6,7.495E-6,8.69E-6,7.495E-6,7.76E-6,2.44E-6,7.76E-6,2.44E-6,9.75E-6,2.5400000000000002E-6,9.75E-6,2.5400000000000002E-6
1.0E-6,9.03E-5,1.26E-5,2.9E-6,1.1E-6,1.85E-5,3.0,9.0,3.0,3.0,3.0,15.0,8.6E-7,8.0E-7,7.900000000000001E-7,5.5E-7,3.0E-7,5.0E-7,1.47E-5,3.4700000000000002E-6,3.9E-6,2.605E-6,3.9E-6,2.605E-6,1.47E-5,3.4700000000000002E-6,4.43E-6,6.44E-6,4.43E-6,6.44E-6,1.166E-5,1.227E-5,1.166E-5,1.227E-5,5.24E-6,2.57E-6,5.24E-6,2.57E-6,3.71E-6,3.2050000000000002E-6,3.71E-6,3.2050000000000002E-6
1.0E-6,8.419999999999999E-5,1.74E-5,3.3999999999999996E-6,1.5E-6,1.88E-5,3.0,7.0,3.0,5.0,3.0,16.0,9.000000000000001E-7,9.000000000000001E-7,1.09E-6,1.21E-6,3.0E-7,4.5E-7,1.508E-5,3.415E-6,3.9E-6,2.74E-6,3.9E-6,2.74E-6,1.508E-5,3.415E-6,5.33E-6,8.040000000000001E-6,5.33E-6,8.040000000000001E-6,9.96E-6,1.4265E-5,9.96E-6,1.4265E-5,5.36E-6,2.57E-6,5.36E-6,2.57E-6,8.91E-6,2.92E-6,8.91E-6,2.92E-6
1.0E-6,9.099999999999999E-5,1.71E-5,1.6E-6,2.0E-6,2.58E-5,1.0,7.0,3.0,5.0,3.0,16.0,1.0E-6,8.9E-7,8.699999999999999E-7,1.48E-6,3.0E-7,4.5E-7,1.508E-5,3.85E-6,3.3E-6,2.905E-6,3.3E-6,2.905E-6,1.508E-5,3.85E-6,4.67E-6,7.94E-6,4.67E-6,7.94E-6,9.89E-6,1.524E-5,9.89E-6,1.524E-5,2.26E-6,2.36E-6,2.26E-6,2.36E-6,1.126E-5,2.56E-6,1.126E-5,2.56E-6
1.0E-6,9.059999999999999E-5,1.9E-5,1.4E-6,1.2E-6,1.73E-5,3.0,7.0,3.0,3.0,3.0,15.0,8.9E-7,9.000000000000001E-7,9.6E-7,1.13E-6,3.0E-7,5.0E-7,1.47E-5,3.39E-6,3.9E-6,2.64E-6,3.9E-6,2.64E-6,1.47E-5,3.39E-6,4.94E-6,8.570000000000001E-6,4.94E-6,8.570000000000001E-6,9.96E-6,1.518E-5,9.96E-6,1.518E-5,5.33E-6,2.57E-6,5.33E-6,2.57E-6,6.0500000000000005E-6,2.705E-6,6.0500000000000005E-6,2.705E-6
1.0E-6,9.03E-5,1.26E-5,2.9E-6,1.1E-6,1.85E-5,3.0,9.0,3.0,3.0,3.0,15.0,8.9E-7,9.000000000000001E-7,7.7E-7,6.800000000000001E-7,3.0E-7,5.0E-7,1.47E-5,3.4700000000000002E-6,3.9E-6,2.605E-6,3.9E-6,2.605E-6,1.47E-5,3.4700000000000002E-6,4.3700000000000005E-6,6.44E-6,4.3700000000000005E-6,6.44E-6,1.256E-5,1.227E-5,1.256E-5,1.227E-5,5.33E-6,2.57E-6,5.33E-6,2.57E-6,4.1E-6,3.2050000000000002E-6,4.1E-6,3.2050000000000002E-6
1.0E-6,8.41E-5,2.13E-5,1.6999999999999998E-6,2.0E-6,2.84E-5,3.0,7.0,3.0,5.0,3.0,13.0,9.6E-7,9.1E-7,1.03E-6,8.9E-7,3.0E-7,5.599999999999999E-7,1.368E-5,4.42E-6,3.3E-6,2.905E-6,3.3E-6,2.905E-6,1.368E-5,4.42E-6,5.15E-6,9.34E-6,5.15E-6,9.34E-6,1.003E-5,1.425E-5,1.003E-5,1.425E-5,5.54E-6,2.57E-6,5.54E-6,2.57E-6,8.31E-6,2.58E-6,8.31E-6,2.58E-6
1.0E-6,8.41E-5,1.9299999999999998E-5,2.1000000000000002E-6,2.0E-6,2.84E-5,3.0,7.0,3.0,5.0,3.0,13.0,9.6E-7,9.1E-7,1.03E-6,8.9E-7,3.0E-7,5.599999999999999E-7,1.368E-5,4.42E-6,3.3E-6,2.905E-6,3.3E-6,2.905E-6,1.368E-5,4.42E-6,5.15E-6,8.67E-6,5.15E-6,8.67E-6,1.003E-5,1.425E-5,1.003E-5,1.425E-5,5.54E-6,2.57E-6,5.54E-6,2.57E-6,8.31E-6,2.66E-6,8.31E-6,2.66E-6
1.0E-6,7.699999999999999E-5,1.91E-5,2.1000000000000002E-6,1.8E-6,2.84E-5,3.0,7.0,3.0,7.0,5.0,16.0,9.3E-7,8.9E-7,9.1E-7,8.499999999999999E-7,3.0E-7,5.900000000000001E-7,1.732E-5,4.015E-6,5.7000000000000005E-6,2.6E-6,5.7000000000000005E-6,2.6E-6,1.732E-5,4.015E-6,4.79E-6,8.605E-6,4.79E-6,8.605E-6,9.89E-6,1.324E-5,9.89E-6,1.324E-5,5.45E-6,2.57E-6,5.45E-6,2.57E-6,1.101E-5,2.5400000000000002E-6,1.101E-5,2.5400000000000002E-6
1.0E-6,8.41E-5,1.52E-5,7.9E-6,1.8E-6,2.84E-5,3.0,7.0,3.0,7.0,5.0,16.0,9.000000000000001E-7,8.9E-7,9.1E-7,8.499999999999999E-7,3.0E-7,5.900000000000001E-7,1.732E-5,4.015E-6,5.7000000000000005E-6,2.6E-6,5.7000000000000005E-6,2.6E-6,1.732E-5,4.015E-6,4.79E-6,7.305E-6,4.79E-6,7.305E-6,9.89E-6,1.425E-5,9.89E-6,1.425E-5,5.36E-6,2.57E-6,5.36E-6,2.57E-6,9.61E-6,3.365E-6,9.61E-6,3.365E-6
1.0E-6,7.699999999999999E-5,1.91E-5,1.19E-5,1.8E-6,2.74E-5,3.0,7.0,3.0,7.0,3.0,15.0,9.3E-7,8.9E-7,9.1E-7,1.19E-6,3.0E-7,5.900000000000001E-7,1.605E-5,4.065E-6,3.9E-6,2.84E-6,3.9E-6,2.84E-6,1.605E-5,4.065E-6,4.79E-6,8.605E-6,4.79E-6,8.605E-6,9.89E-6,1.324E-5,9.89E-6,1.324E-5,5.45E-6,2.57E-6,5.45E-6,2.57E-6,1.199E-5,3.94E-6,1.199E-5,3.94E-6
1.0E-6,8.709999999999999E-5,1.35E-5,1.01E-5,1.6E-6,2.01E-5,3.0,11.0,3.0,5.0,3.0,15.0,9.6E-7,9.9E-7,9.1E-7,1.04E-6,3.0E-7,4.4E-7,1.38E-5,3.58E-6,3.9E-6,2.77E-6,3.9E-6,2.77E-6,1.38E-5,3.58E-6,4.79E-6,6.74E-6,4.79E-6,6.74E-6,1.615E-5,1.0155E-5,1.615E-5,1.0155E-5,5.54E-6,2.57E-6,5.54E-6,2.57E-6,8.06E-6,4.26E-6,8.06E-6,4.26E-6
1.0E-6,7.549999999999999E-5,1.74E-5,1.5E-6,1.8E-6,3.12E-5,3.0,5.0,3.0,7.0,5.0,16.0,1.03E-6,8.8E-7,8.9E-7,7.7E-7,3.0E-7,6.3E-7,1.796E-5,4.19E-6,5.7000000000000005E-6,2.6E-6,5.7000000000000005E-6,2.6E-6,1.796E-5,4.19E-6,4.7300000000000005E-6,8.040000000000001E-6,4.7300000000000005E-6,8.040000000000001E-6,7.26E-6,1.734E-5,7.26E-6,1.734E-5,5.75E-6,2.57E-6,5.75E-6,2.57E-6,1.045E-5,2.4500000000000003E-6,1.045E-5,2.4500000000000003E-6
1.0E-6,8.419999999999999E-5,1.3000000000000001E-5,4.7E-6,2.0E-6,3.0999999999999995E-5,3.0,11.0,5.0,5.0,3.0,16.0,8.499999999999999E-7,1.09E-6,7.799999999999999E-7,2.24E-6,3.0E-7,5.599999999999999E-7,1.684E-5,4.175E-6,3.3E-6,2.905E-6,3.3E-6,2.905E-6,1.684E-5,4.175E-6,6.7600000000000005E-6,4.84E-6,6.7600000000000005E-6,4.84E-6,1.725E-5,9.89E-6,1.725E-5,9.89E-6,5.21E-6,2.57E-6,5.21E-6,2.57E-6,1.4060000000000001E-5,3.18E-6,1.4060000000000001E-5,3.18E-6
1.0E-6,7.62E-5,1.42E-5,1.5E-6,2.0E-6,3.5199999999999995E-5,3.0,5.0,3.0,7.0,3.0,16.0,8.9E-7,8.8E-7,7.799999999999999E-7,1.04E-6,3.0E-7,6.3E-7,1.796E-5,4.44E-6,3.3E-6,2.905E-6,3.3E-6,2.905E-6,1.796E-5,4.44E-6,4.4E-6,6.97E-6,4.4E-6,6.97E-6,7.26E-6,1.7480000000000002E-5,7.26E-6,1.7480000000000002E-5,5.33E-6,2.57E-6,5.33E-6,2.57E-6,1.234E-5,2.4500000000000003E-6,1.234E-5,2.4500000000000003E-6
1.0E-6,8.24E-5,1.9299999999999998E-5,2.2E-6,2.2E-6,3.0299999999999998E-5,3.0,11.0,3.0,9.0,1.0,15.0,9.200000000000001E-7,8.299999999999999E-7,9.399999999999999E-7,2.02E-6,3.0E-7,5.1E-7,1.485E-5,4.26E-6,1.9E-6,3.5600000000000002E-6,1.9E-6,3.5600000000000002E-6,1.485E-5,4.26E-6,4.88E-6,8.67E-6,4.88E-6,8.67E-6,1.4390000000000001E-5,9.73E-6,1.4390000000000001E-5,9.73E-6,5.42E-6,2.57E-6,5.42E-6,2.57E-6,2.444E-5,2.48E-6,2.444E-5,2.48E-6
1.0E-6,4.73E-5,1.06E-5,2.1000000000000002E-6,2.5999999999999997E-6,3.7199999999999996E-5,5.0,9.0,3.0,7.0,3.0,13.0,7.799999999999999E-7,4.6999999999999995E-7,7.1E-7,6.699999999999999E-7,3.0E-7,5.4E-7,1.342E-5,5.1E-6,3.3E-6,3.105E-6,3.3E-6,3.105E-6,1.342E-5,5.1E-6,4.19E-6,5.77E-6,4.19E-6,5.77E-6,8.69E-6,7.495E-6,8.69E-6,7.495E-6,7.76E-6,2.44E-6,7.76E-6,2.44E-6,9.75E-6,2.5400000000000002E-6,9.75E-6,2.5400000000000002E-6
1.0E-6,9.03E-5,1.26E-5,2.9E-6,1.1E-6,1.85E-5,3.0,9.0,3.0,3.0,3.0,15.0,8.6E-7,8.0E-7,7.900000000000001E-7,5.5E-7,3.0E-7,5.0E-7,1.47E-5,3.4700000000000002E-6,3.9E-6,2.605E-6,3.9E-6,2.605E-6,1.47E-5,3.4700000000000002E-6,4.43E-6,6.44E-6,4.43E-6,6.44E-6,1.166E-5,1.227E-5,1.166E-5,1.227E-5,5.24E-6,2.57E-6,5.24E-6,2.57E-6,3.71E-6,3.2050000000000002E-6,3.71E-6,3.2050000000000002E-6
1.0E-6,8.419999999999999E-5,1.74E-5,3.3999999999999996E-6,1.5E-6,1.88E-5,3.0,7.0,3.0,5.0,3.0,16.0,9.000000000000001E-7,9.000000000000001E-7,1.09E-6,1.21E-6,3.0E-7,4.5E-7,1.508E-5,3.415E-6,3.9E-6,2.74E-6,3.9E-6,2.74E-6,1.508E-5,3.415E-6,5.33E-6,8.040000000000001E-6,5.33E-6,8.040000000000001E-6,9.96E-6,1.4265E-5,9.96E-6,1.4265E-5,5.36E-6,2.57E-6,5.36E-6,2.57E-6,8.91E-6,2.92E-6,8.91E-6,2.92E-6
1.0E-6,9.099999999999999E-5,1.71E-5,1.6E-6,2.0E-6,2.58E-5,1.0,7.0,3.0,5.0,3.0,16.0,1.0E-6,8.9E-7,8.699999999999999E-7,1.48E-6,3.0E-7,4.5E-7,1.508E-5,3.85E-6,3.3E-6,2.905E-6,3.3E-6,2.905E-6,1.508E-5,3.85E-6,4.67E-6,7.94E-6,4.67E-6,7.94E-6,9.89E-6,1.524E-5,9.89E-6,1.524E-5,2.26E-6,2.36E-6,2.26E-6,2.36E-6,1.126E-5,2.56E-6,1.126E-5,2.56E-6
1.0E-6,9.059999999999999E-5,1.9E-5,1.4E-6,1.2E-6,1.73E-5,3.0,7.0,3.0,3.0,3.0,15.0,8.9E-7,9.000000000000001E-7,9.6E-7,1.13E-6,3.0E-7,5.0E-7,1.47E-5,3.39E-6,3.9E-6,2.64E-6,3.9E-6,2.64E-6,1.47E-5,3.39E-6,4.94E-6,8.570000000000001E-6,4.94E-6,8.570000000000001E-6,9.96E-6,1.518E-5,9.96E-6,1.518E-5,5.33E-6,2.57E-6,5.33E-6,2.57E-6,6.0500000000000005E-6,2.705E-6,6.0500000000000005E-6,2.705E-6
1.0E-6,8.659999999999999E-5,1.9E-5,5.199999999999999E-6,1.2E-6,1.73E-5,3.0,7.0,3.0,5.0,3.0,15.0,8.9E-7,9.000000000000001E-7,9.6E-7,1.1E-6,3.0E-7,5.0E-7,1.47E-5,3.39E-6,3.9E-6,2.64E-6,3.9E-6,2.64E-6,1.47E-5,3.39E-6,4.94E-6,8.570000000000001E-6,4.94E-6,8.570000000000001E-6,9.96E-6,1.461E-5,9.96E-6,1.461E-5,5.33E-6,2.57E-6,5.33E-6,2.57E-6,8.36E-6,3.28E-6,8.36E-6,3.28E-6
1.0E-6,9.03E-5,1.26E-5,2.9E-6,1.1E-6,1.85E-5,3.0,9.0,3.0,3.0,3.0,15.0,8.9E-7,9.000000000000001E-7,7.7E-7,6.800000000000001E-7,3.0E-7,5.0E-7,1.47E-5,3.4700000000000002E-6,3.9E-6,2.605E-6,3.9E-6,2.605E-6,1.47E-5,3.4700000000000002E-6,4.3700000000000005E-6,6.44E-6,4.3700000000000005E-6,6.44E-6,1.256E-5,1.227E-5,1.256E-5,1.227E-5,5.33E-6,2.57E-6,5.33E-6,2.57E-6,4.1E-6,3.2050000000000002E-6,4.1E-6,3.2050000000000002E-6
1.0E-6,8.41E-5,2.13E-5,1.6999999999999998E-6,2.0E-6,2.84E-5,3.0,7.0,3.0,5.0,3.0,13.0,9.6E-7,9.1E-7,1.03E-6,8.9E-7,3.0E-7,5.599999999999999E-7,1.368E-5,4.42E-6,3.3E-6,2.905E-6,3.3E-6,2.905E-6,1.368E-5,4.42E-6,5.15E-6,9.34E-6,5.15E-6,9.34E-6,1.003E-5,1.425E-5,1.003E-5,1.425E-5,5.54E-6,2.57E-6,5.54E-6,2.57E-6,8.31E-6,2.58E-6,8.31E-6,2.58E-6
1.0E-6,8.41E-5,1.9299999999999998E-5,2.1000000000000002E-6,2.0E-6,2.84E-5,3.0,7.0,3.0,5.0,3.0,13.0,9.6E-7,9.1E-7,1.03E-6,8.9E-7,3.0E-7,5.599999999999999E-7,1.368E-5,4.42E-6,3.3E-6,2.905E-6,3.3E-6,2.905E-6,1.368E-5,4.42E-6,5.15E-6,8.67E-6,5.15E-6,8.67E-6,1.003E-5,1.425E-5,1.003E-5,1.425E-5,5.54E-6,2.57E-6,5.54E-6,2.57E-6,8.31E-6,2.66E-6,8.31E-6,2.66E-6
1.0E-6,7.699999999999999E-5,1.91E-5,2.1000000000000002E-6,1.8E-6,2.84E-5,3.0,7.0,3.0,7.0,5.0,16.0,9.3E-7,8.9E-7,9.1E-7,8.499999999999999E-7,3.0E-7,5.900000000000001E-7,1.732E-5,4.015E-6,5.7000000000000005E-6,2.6E-6,5.7000000000000005E-6,2.6E-6,1.732E-5,4.015E-6,4.79E-6,8.605E-6,4.79E-6,8.605E-6,9.89E-6,1.324E-5,9.89E-6,1.324E-5,5.45E-6,2.57E-6,5.45E-6,2.57E-6,1.101E-5,2.5400000000000002E-6,1.101E-5,2.5400000000000002E-6
1.0E-6,8.41E-5,1.52E-5,7.9E-6,1.8E-6,2.84E-5,3.0,7.0,3.0,7.0,5.0,16.0,9.000000000000001E-7,8.9E-7,9.1E-7,8.499999999999999E-7,3.0E-7,5.900000000000001E-7,1.732E-5,4.015E-6,5.7000000000000005E-6,2.6E-6,5.7000000000000005E-6,2.6E-6,1.732E-5,4.015E-6,4.79E-6,7.305E-6,4.79E-6,7.305E-6,9.89E-6,1.425E-5,9.89E-6,1.425E-5,5.36E-6,2.57E-6,5.36E-6,2.57E-6,9.61E-6,3.365E-6,9.61E-6,3.365E-6
1.0E-6,7.699999999999999E-5,1.91E-5,1.19E-5,1.8E-6,2.74E-5,3.0,7.0,3.0,7.0,3.0,15.0,9.3E-7,8.9E-7,9.1E-7,1.19E-6,3.0E-7,5.900000000000001E-7,1.605E-5,4.065E-6,3.9E-6,2.84E-6,3.9E-6,2.84E-6,1.605E-5,4.065E-6,4.79E-6,8.605E-6,4.79E-6,8.605E-6,9.89E-6,1.324E-5,9.89E-6,1.324E-5,5.45E-6,2.57E-6,5.45E-6,2.57E-6,1.199E-5,3.94E-6,1.199E-5,3.94E-6
1.0E-6,8.709999999999999E-5,1.35E-5,1.01E-5,1.6E-6,2.01E-5,3.0,11.0,3.0,5.0,3.0,15.0,9.6E-7,9.9E-7,9.1E-7,1.04E-6,3.0E-7,4.4E-7,1.38E-5,3.58E-6,3.9E-6,2.77E-6,3.9E-6,2.77E-6,1.38E-5,3.58E-6,4.79E-6,6.74E-6,4.79E-6,6.74E-6,1.615E-5,1.0155E-5,1.615E-5,1.0155E-5,5.54E-6,2.57E-6,5.54E-6,2.57E-6,8.06E-6,4.26E-6,8.06E-6,4.26E-6
1.0E-6,7.549999999999999E-5,1.74E-5,1.5E-6,1.8E-6,3.12E-5,3.0,5.0,3.0,7.0,5.0,16.0,1.03E-6,8.8E-7,8.9E-7,7.7E-7,3.0E-7,6.3E-7,1.796E-5,4.19E-6,5.7000000000000005E-6,2.6E-6,5.7000000000000005E-6,2.6E-6,1.796E-5,4.19E-6,4.7300000000000005E-6,8.040000000000001E-6,4.7300000000000005E-6,8.040000000000001E-6,7.26E-6,1.734E-5,7.26E-6,1.734E-5,5.75E-6,2.57E-6,5.75E-6,2.57E-6,1.045E-5,2.4500000000000003E-6,1.045E-5,2.4500000000000003E-6
1.0E-6,8.419999999999999E-5,1.3000000000000001E-5,4.7E-6,2.0E-6,3.0999999999999995E-5,3.0,11.0,5.0,5.0,3.0,16.0,8.499999999999999E-7,1.09E-6,7.799999999999999E-7,2.24E-6,3.0E-7,5.599999999999999E-7,1.684E-5,4.175E-6,3.3E-6,2.905E-6,3.3E-6,2.905E-6,1.684E-5,4.175E-6,6.7600000000000005E-6,4.84E-6,6.7600000000000005E-6,4.84E-6,1.725E-5,9.89E-6,1.725E-5,9.89E-6,5.21E-6,2.57E-6,5.21E-6,2.57E-6,1.4060000000000001E-5,3.18E-6,1.4060000000000001E-5,3.18E-6
1.0E-6,7.62E-5,1.42E-5,1.5E-6,2.0E-6,3.5199999999999995E-5,3.0,5.0,3.0,7.0,3.0,16.0,8.9E-7,8.8E-7,7.799999999999999E-7,1.04E-6,3.0E-7,6.3E-7,1.796E-5,4.44E-6,3.3E-6,2.905E-6,3.3E-6,2.905E-6,1.796E-5,4.44E-6,4.4E-6,6.97E-6,4.4E-6,6.97E-6,7.26E-6,1.7480000000000002E-5,7.26E-6,1.7480000000000002E-5,5.33E-6,2.57E-6,5.33E-6,2.57E-6,1.234E-5,2.4500000000000003E-6,1.234E-5,2.4500000000000003E-6
1.0E-6,8.24E-5,1.9299999999999998E-5,2.2E-6,2.2E-6,3.0299999999999998E-5,3.0,11.0,3.0,9.0,1.0,15.0,9.200000000000001E-7,8.299999999999999E-7,9.399999999999999E-7,2.02E-6,3.0E-7,5.1E-7,1.485E-5,4.26E-6,1.9E-6,3.5600000000000002E-6,1.9E-6,3.5600000000000002E-6,1.485E-5,4.26E-6,4.88E-6,8.67E-6,4.88E-6,8.67E-6,1.4390000000000001E-5,9.73E-6,1.4390000000000001E-5,9.73E-6,5.42E-6,2.57E-6,5.42E-6,2.57E-6,2.444E-5,2.48E-6,2.444E-5,2.48E-6
1.0E-6,8.62E-5,1.31E-5,4.7E-6,2.0E-6,3.0999999999999995E-5,3.0,11.0,7.0,9.0,3.0,16.0,8.499999999999999E-7,1.09E-6,6.3E-7,2.17E-6,3.0E-7,5.7E-7,1.7E-5,4.175E-6,3.3E-6,2.905E-6,3.3E-6,2.905E-6,1.7E-5,4.175E-6,8.07E-6,4.1100000000000005E-6,8.07E-6,4.1100000000000005E-6,1.725E-5,1.0075000000000001E-5,1.725E-5,1.0075000000000001E-5,5.21E-6,2.57E-6,5.21E-6,2.57E-6,2.5790000000000002E-5,2.7600000000000003E-6,2.5790000000000002E-5,2.7600000000000003E-6
1.0E-6,4.73E-5,1.06E-5,2.1000000000000002E-6,2.5999999999999997E-6,3.7199999999999996E-5,5.0,9.0,3.0,7.0,3.0,13.0,7.799999999999999E-7,4.6999999999999995E-7,7.1E-7,6.699999999999999E-7,3.0E-7,5.4E-7,1.342E-5,5.1E-6,3.3E-6,3.105E-6,3.3E-6,3.105E-6,1.342E-5,5.1E-6,4.19E-6,5.77E-6,4.19E-6,5.77E-6,8.69E-6,7.495E-6,8.69E-6,7.495E-6,7.76E-6,2.44E-6,7.76E-6,2.44E-6,9.75E-6,2.5400000000000002E-6,9.75E-6,2.5400000000000002E-6
1.0E-6,9.03E-5,1.26E-5,2.9E-6,1.1E-6,1.85E-5,3.0,9.0,3.0,3.0,3.0,15.0,8.6E-7,8.0E-7,7.900000000000001E-7,5.5E-7,3.0E-7,5.0E-7,1.47E-5,3.4700000000000002E-6,3.9E-6,2.605E-6,3.9E-6,2.605E-6,1.47E-5,3.4700000000000002E-6,4.43E-6,6.44E-6,4.43E-6,6.44E-6,1.166E-5,1.227E-5,1.166E-5,1.227E-5,5.24E-6,2.57E-6,5.24E-6,2.57E-6,3.71E-6,3.2050000000000002E-6,3.71E-6,3.2050000000000002E-6
1.0E-6,8.08E-5,1.9299999999999998E-5,1.4E-6,1.8E-6,2.2E-5,3.0,9.0,3.0,3.0,3.0,13.0,8.9E-7,9.000000000000001E-7,9.6E-7,1.13E-6,3.0E-7,5.0E-7,1.29E-5,3.9300000000000005E-6,3.9E-6,2.84E-6,3.9E-6,2.84E-6,1.29E-5,3.9300000000000005E-6,4.94E-6,8.67E-6,4.94E-6,8.67E-6,1.256E-5,1.1215E-5,1.256E-5,1.1215E-5,5.33E-6,2.57E-6,5.33E-6,2.57E-6,6.0500000000000005E-6,2.705E-6,6.0500000000000005E-6,2.705E-6
1.0E-6,9.099999999999999E-5,1.71E-5,1.6E-6,2.0E-6,2.58E-5,1.0,7.0,3.0,5.0,3.0,16.0,1.0E-6,8.9E-7,8.699999999999999E-7,1.48E-6,3.0E-7,4.5E-7,1.508E-5,3.85E-6,3.3E-6,2.905E-6,3.3E-6,2.905E-6,1.508E-5,3.85E-6,4.67E-6,7.94E-6,4.67E-6,7.94E-6,9.89E-6,1.524E-5,9.89E-6,1.524E-5,2.26E-6,2.36E-6,2.26E-6,2.36E-6,1.126E-5,2.56E-6,1.126E-5,2.56E-6
1.0E-6,9.059999999999999E-5,1.9E-5,1.4E-6,1.2E-6,1.73E-5,3.0,7.0,3.0,3.0,3.0,15.0,8.9E-7,9.000000000000001E-7,9.6E-7,1.13E-6,3.0E-7,5.0E-7,1.47E-5,3.39E-6,3.9E-6,2.64E-6,3.9E-6,2.64E-6,1.47E-5,3.39E-6,4.94E-6,8.570000000000001E-6,4.94E-6,8.570000000000001E-6,9.96E-6,1.518E-5,9.96E-6,1.518E-5,5.33E-6,2.57E-6,5.33E-6,2.57E-6,6.0500000000000005E-6,2.705E-6,6.0500000000000005E-6,2.705E-6
1.0E-6,8.659999999999999E-5,1.9E-5,5.199999999999999E-6,1.2E-6,1.73E-5,3.0,7.0,3.0,5.0,3.0,15.0,8.9E-7,9.000000000000001E-7,9.6E-7,1.1E-6,3.0E-7,5.0E-7,1.47E-5,3.39E-6,3.9E-6,2.64E-6,3.9E-6,2.64E-6,1.47E-5,3.39E-6,4.94E-6,8.570000000000001E-6,4.94E-6,8.570000000000001E-6,9.96E-6,1.461E-5,9.96E-6,1.461E-5,5.33E-6,2.57E-6,5.33E-6,2.57E-6,8.36E-6,3.28E-6,8.36E-6,3.28E-6
1.0E-6,8.24E-5,1.38E-5,2.2E-6,1.6E-6,2.75E-5,1.0,11.0,3.0,9.0,1.0,15.0,9.6E-7,8.299999999999999E-7,9.399999999999999E-7,1.23E-6,3.0E-7,5.1E-7,1.485E-5,4.07E-6,1.9E-6,2.96E-6,1.9E-6,2.96E-6,1.485E-5,4.07E-6,4.88E-6,6.84E-6,4.88E-6,6.84E-6,1.4390000000000001E-5,9.73E-6,1.4390000000000001E-5,9.73E-6,2.22E-6,2.36E-6,2.22E-6,2.36E-6,1.7330000000000002E-5,2.48E-6,1.7330000000000002E-5,2.48E-6
1.0E-6,8.41E-5,1.9299999999999998E-5,2.1000000000000002E-6,2.0E-6,2.84E-5,3.0,7.0,3.0,5.0,3.0,13.0,9.6E-7,9.1E-7,1.03E-6,8.9E-7,3.0E-7,5.599999999999999E-7,1.368E-5,4.42E-6,3.3E-6,2.905E-6,3.3E-6,2.905E-6,1.368E-5,4.42E-6,5.15E-6,8.67E-6,5.15E-6,8.67E-6,1.003E-5,1.425E-5,1.003E-5,1.425E-5,5.54E-6,2.57E-6,5.54E-6,2.57E-6,8.31E-6,2.66E-6,8.31E-6,2.66E-6
1.0E-6,7.699999999999999E-5,1.91E-5,2.1000000000000002E-6,1.8E-6,2.84E-5,3.0,7.0,3.0,7.0,5.0,16.0,9.3E-7,8.9E-7,9.1E-7,8.499999999999999E-7,3.0E-7,5.900000000000001E-7,1.732E-5,4.015E-6,5.7000000000000005E-6,2.6E-6,5.7000000000000005E-6,2.6E-6,1.732E-5,4.015E-6,4.79E-6,8.605E-6,4.79E-6,8.605E-6,9.89E-6,1.324E-5,9.89E-6,1.324E-5,5.45E-6,2.57E-6,5.45E-6,2.57E-6,1.101E-5,2.5400000000000002E-6,1.101E-5,2.5400000000000002E-6
1.0E-6,8.41E-5,1.52E-5,7.9E-6,1.8E-6,2.84E-5,3.0,7.0,3.0,7.0,5.0,16.0,9.000000000000001E-7,8.9E-7,9.1E-7,8.499999999999999E-7,3.0E-7,5.900000000000001E-7,1.732E-5,4.015E-6,5.7000000000000005E-6,2.6E-6,5.7000000000000005E-6,2.6E-6,1.732E-5,4.015E-6,4.79E-6,7.305E-6,4.79E-6,7.305E-6,9.89E-6,1.425E-5,9.89E-6,1.425E-5,5.36E-6,2.57E-6,5.36E-6,2.57E-6,9.61E-6,3.365E-6,9.61E-6,3.365E-6
1.0E-6,7.699999999999999E-5,1.91E-5,1.19E-5,1.8E-6,2.74E-5,3.0,7.0,3.0,7.0,3.0,15.0,9.3E-7,8.9E-7,9.1E-7,1.19E-6,3.0E-7,5.900000000000001E-7,1.605E-5,4.065E-6,3.9E-6,2.84E-6,3.9E-6,2.84E-6,1.605E-5,4.065E-6,4.79E-6,8.605E-6,4.79E-6,8.605E-6,9.89E-6,1.324E-5,9.89E-6,1.324E-5,5.45E-6,2.57E-6,5.45E-6,2.57E-6,1.199E-5,3.94E-6,1.199E-5,3.94E-6
1.0E-6,8.709999999999999E-5,1.35E-5,1.01E-5,1.6E-6,2.01E-5,3.0,11.0,3.0,5.0,3.0,15.0,9.6E-7,9.9E-7,9.1E-7,1.04E-6,3.0E-7,4.4E-7,1.38E-5,3.58E-6,3.9E-6,2.77E-6,3.9E-6,2.77E-6,1.38E-5,3.58E-6,4.79E-6,6.74E-6,4.79E-6,6.74E-6,1.615E-5,1.0155E-5,1.615E-5,1.0155E-5,5.54E-6,2.57E-6,5.54E-6,2.57E-6,8.06E-6,4.26E-6,8.06E-6,4.26E-6
1.0E-6,7.549999999999999E-5,1.74E-5,1.5E-6,1.8E-6,3.12E-5,3.0,5.0,3.0,7.0,5.0,16.0,1.03E-6,8.8E-7,8.9E-7,7.7E-7,3.0E-7,6.3E-7,1.796E-5,4.19E-6,5.7000000000000005E-6,2.6E-6,5.7000000000000005E-6,2.6E-6,1.796E-5,4.19E-6,4.7300000000000005E-6,8.040000000000001E-6,4.7300000000000005E-6,8.040000000000001E-6,7.26E-6,1.734E-5,7.26E-6,1.734E-5,5.75E-6,2.57E-6,5.75E-6,2.57E-6,1.045E-5,2.4500000000000003E-6,1.045E-5,2.4500000000000003E-6
1.0E-6,8.419999999999999E-5,1.3000000000000001E-5,4.7E-6,2.0E-6,3.0999999999999995E-5,3.0,11.0,5.0,5.0,3.0,16.0,8.499999999999999E-7,1.09E-6,7.799999999999999E-7,2.24E-6,3.0E-7,5.599999999999999E-7,1.684E-5,4.175E-6,3.3E-6,2.905E-6,3.3E-6,2.905E-6,1.684E-5,4.175E-6,6.7600000000000005E-6,4.84E-6,6.7600000000000005E-6,4.84E-6,1.725E-5,9.89E-6,1.725E-5,9.89E-6,5.21E-6,2.57E-6,5.21E-6,2.57E-6,1.4060000000000001E-5,3.18E-6,1.4060000000000001E-5,3.18E-6
1.0E-6,7.62E-5,1.42E-5,1.5E-6,2.0E-6,3.5199999999999995E-5,3.0,5.0,3.0,7.0,3.0,16.0,8.9E-7,8.8E-7,7.799999999999999E-7,1.04E-6,3.0E-7,6.3E-7,1.796E-5,4.44E-6,3.3E-6,2.905E-6,3.3E-6,2.905E-6,1.796E-5,4.44E-6,4.4E-6,6.97E-6,4.4E-6,6.97E-6,7.26E-6,1.7480000000000002E-5,7.26E-6,1.7480000000000002E-5,5.33E-6,2.57E-6,5.33E-6,2.57E-6,1.234E-5,2.4500000000000003E-6,1.234E-5,2.4500000000000003E-6
1.0E-6,8.24E-5,1.9299999999999998E-5,2.2E-6,2.2E-6,3.0299999999999998E-5,3.0,11.0,3.0,9.0,1.0,15.0,9.200000000000001E-7,8.299999999999999E-7,9.399999999999999E-7,2.02E-6,3.0E-7,5.1E-7,1.485E-5,4.26E-6,1.9E-6,3.5600000000000002E-6,1.9E-6,3.5600000000000002E-6,1.485E-5,4.26E-6,4.88E-6,8.67E-6,4.88E-6,8.67E-6,1.4390000000000001E-5,9.73E-6,1.4390000000000001E-5,9.73E-6,5.42E-6,2.57E-6,5.42E-6,2.57E-6,2.444E-5,2.48E-6,2.444E-5,2.48E-6
1.0E-6,8.62E-5,1.31E-5,4.7E-6,2.0E-6,3.0999999999999995E-5,3.0,11.0,7.0,9.0,3.0,16.0,8.499999999999999E-7,1.09E-6,6.3E-7,2.17E-6,3.0E-7,5.7E-7,1.7E-5,4.175E-6,3.3E-6,2.905E-6,3.3E-6,2.905E-6,1.7E-5,4.175E-6,8.07E-6,4.1100000000000005E-6,8.07E-6,4.1100000000000005E-6,1.725E-5,1.0075000000000001E-5,1.725E-5,1.0075000000000001E-5,5.21E-6,2.57E-6,5.21E-6,2.57E-6,2.5790000000000002E-5,2.7600000000000003E-6,2.5790000000000002E-5,2.7600000000000003E-6
1.0E-6,4.73E-5,1.06E-5,2.1000000000000002E-6,2.5999999999999997E-6,3.7199999999999996E-5,5.0,9.0,3.0,7.0,3.0,13.0,7.799999999999999E-7,4.6999999999999995E-7,7.1E-7,6.699999999999999E-7,3.0E-7,5.4E-7,1.342E-5,5.1E-6,3.3E-6,3.105E-6,3.3E-6,3.105E-6,1.342E-5,5.1E-6,4.19E-6,5.77E-6,4.19E-6,5.77E-6,8.69E-6,7.495E-6,8.69E-6,7.495E-6,7.76E-6,2.44E-6,7.76E-6,2.44E-6,9.75E-6,2.5400000000000002E-6,9.75E-6,2.5400000000000002E-6
1.0E-6,9.03E-5,1.26E-5,2.9E-6,1.1E-6,1.85E-5,3.0,9.0,3.0,3.0,3.0,15.0,8.6E-7,8.0E-7,7.900000000000001E-7,5.5E-7,3.0E-7,5.0E-7,1.47E-5,3.4700000000000002E-6,3.9E-6,2.605E-6,3.9E-6,2.605E-6,1.47E-5,3.4700000000000002E-6,4.43E-6,6.44E-6,4.43E-6,6.44E-6,1.166E-5,1.227E-5,1.166E-5,1.227E-5,5.24E-6,2.57E-6,5.24E-6,2.57E-6,3.71E-6,3.2050000000000002E-6,3.71E-6,3.2050000000000002E-6
1.0E-6,8.08E-5,1.9299999999999998E-5,1.4E-6,1.8E-6,2.2E-5,3.0,9.0,3.0,3.0,3.0,13.0,8.9E-7,9.000000000000001E-7,9.6E-7,1.13E-6,3.0E-7,5.0E-7,1.29E-5,3.9300000000000005E-6,3.9E-6,2.84E-6,3.9E-6,2.84E-6,1.29E-5,3.9300000000000005E-6,4.94E-6,8.67E-6,4.94E-6,8.67E-6,1.256E-5,1.1215E-5,1.256E-5,1.1215E-5,5.33E-6,2.57E-6,5.33E-6,2.57E-6,6.0500000000000005E-6,2.705E-6,6.0500000000000005E-6,2.705E-6
1.0E-6,9.099999999999999E-5,1.71E-5,1.6E-6,2.0E-6,2.58E-5,1.0,7.0,3.0,5.0,3.0,16.0,1.0E-6,8.9E-7,8.699999999999999E-7,1.48E-6,3.0E-7,4.5E-7,1.508E-5,3.85E-6,3.3E-6,2.905E-6,3.3E-6,2.905E-6,1.508E-5,3.85E-6,4.67E-6,7.94E-6,4.67E-6,7.94E-6,9.89E-6,1.524E-5,9.89E-6,1.524E-5,2.26E-6,2.36E-6,2.26E-6,2.36E-6,1.126E-5,2.56E-6,1.126E-5,2.56E-6
1.0E-6,9.059999999999999E-5,1.9E-5,1.4E-6,1.2E-6,1.73E-5,3.0,7.0,3.0,3.0,3.0,15.0,8.9E-7,9.000000000000001E-7,9.6E-7,1.13E-6,3.0E-7,5.0E-7,1.47E-5,3.39E-6,3.9E-6,2.64E-6,3.9E-6,2.64E-6,1.47E-5,3.39E-6,4.94E-6,8.570000000000001E-6,4.94E-6,8.570000000000001E-6,9.96E-6,1.518E-5,9.96E-6,1.518E-5,5.33E-6,2.57E-6,5.33E-6,2.57E-6,6.0500000000000005E-6,2.705E-6,6.0500000000000005E-6,2.705E-6
1.0E-6,8.659999999999999E-5,1.9E-5,5.199999999999999E-6,1.2E-6,1.73E-5,3.0,7.0,3.0,5.0,3.0,15.0,8.9E-7,9.000000000000001E-7,9.6E-7,1.1E-6,3.0E-7,5.0E-7,1.47E-5,3.39E-6,3.9E-6,2.64E-6,3.9E-6,2.64E-6,1.47E-5,3.39E-6,4.94E-6,8.570000000000001E-6,4.94E-6,8.570000000000001E-6,9.96E-6,1.461E-5,9.96E-6,1.461E-5,5.33E-6,2.57E-6,5.33E-6,2.57E-6,8.36E-6,3.28E-6,8.36E-6,3.28E-6
1.0E-6,8.24E-5,1.38E-5,2.2E-6,1.6E-6,2.75E-5,1.0,11.0,3.0,9.0,1.0,15.0,9.6E-7,8.299999999999999E-7,9.399999999999999E-7,1.23E-6,3.0E-7,5.1E-7,1.485E-5,4.07E-6,1.9E-6,2.96E-6,1.9E-6,2.96E-6,1.485E-5,4.07E-6,4.88E-6,6.84E-6,4.88E-6,6.84E-6,1.4390000000000001E-5,9.73E-6,1.4390000000000001E-5,9.73E-6,2.22E-6,2.36E-6,2.22E-6,2.36E-6,1.7330000000000002E-5,2.48E-6,1.7330000000000002E-5,2.48E-6
1.0E-6,8.41E-5,1.9299999999999998E-5,2.1000000000000002E-6,2.0E-6,2.84E-5,3.0,7.0,3.0,5.0,3.0,13.0,9.6E-7,9.1E-7,1.03E-6,8.9E-7,3.0E-7,5.599999999999999E-7,1.368E-5,4.42E-6,3.3E-6,2.905E-6,3.3E-6,2.905E-6,1.368E-5,4.42E-6,5.15E-6,8.67E-6,5.15E-6,8.67E-6,1.003E-5,1.425E-5,1.003E-5,1.425E-5,5.54E-6,2.57E-6,5.54E-6,2.57E-6,8.31E-6,2.66E-6,8.31E-6,2.66E-6
1.0E-6,7.699999999999999E-5,1.91E-5,2.1000000000000002E-6,1.8E-6,2.84E-5,3.0,7.0,3.0,7.0,5.0,16.0,9.3E-7,8.9E-7,9.1E-7,8.499999999999999E-7,3.0E-7,5.900000000000001E-7,1.732E-5,4.015E-6,5.7000000000000005E-6,2.6E-6,5.7000000000000005E-6,2.6E-6,1.732E-5,4.015E-6,4.79E-6,8.605E-6,4.79E-6,8.605E-6,9.89E-6,1.324E-5,9.89E-6,1.324E-5,5.45E-6,2.57E-6,5.45E-6,2.57E-6,1.101E-5,2.5400000000000002E-6,1.101E-5,2.5400000000000002E-6
1.0E-6,8.41E-5,1.52E-5,7.9E-6,1.8E-6,2.84E-5,3.0,7.0,3.0,7.0,5.0,16.0,9.000000000000001E-7,8.9E-7,9.1E-7,8.499999999999999E-7,3.0E-7,5.900000000000001E-7,1.732E-5,4.015E-6,5.7000000000000005E-6,2.6E-6,5.7000000000000005E-6,2.6E-6,1.732E-5,4.015E-6,4.79E-6,7.305E-6,4.79E-6,7.305E-6,9.89E-6,1.425E-5,9.89E-6,1.425E-5,5.36E-6,2.57E-6,5.36E-6,2.57E-6,9.61E-6,3.365E-6,9.61E-6,3.365E-6
1.0E-6,7.699999999999999E-5,1.91E-5,1.19E-5,1.8E-6,2.74E-5,3.0,7.0,3.0,7.0,3.0,15.0,9.3E-7,8.9E-7,9.1E-7,1.19E-6,3.0E-7,5.900000000000001E-7,1.605E-5,4.065E-6,3.9E-6,2.84E-6,3.9E-6,2.84E-6,1.605E-5,4.065E-6,4.79E-6,8.605E-6,4.79E-6,8.605E-6,9.89E-6,1.324E-5,9.89E-6,1.324E-5,5.45E-6,2.57E-6,5.45E-6,2.57E-6,1.199E-5,3.94E-6,1.199E-5,3.94E-6
1.0E-6,8.709999999999999E-5,1.35E-5,1.01E-5,1.6E-6,2.01E-5,3.0,11.0,3.0,5.0,3.0,15.0,9.6E-7,9.9E-7,9.1E-7,1.04E-6,3.0E-7,4.4E-7,1.38E-5,3.58E-6,3.9E-6,2.77E-6,3.9E-6,2.77E-6,1.38E-5,3.58E-6,4.79E-6,6.74E-6,4.79E-6,6.74E-6,1.615E-5,1.0155E-5,1.615E-5,1.0155E-5,5.54E-6,2.57E-6,5.54E-6,2.57E-6,8.06E-6,4.26E-6,8.06E-6,4.26E-6
1.0E-6,8.439999999999999E-5,1.36E-5,4.6E-6,1.2999999999999998E-6,2.17E-5,3.0,7.0,3.0,5.0,3.0,5.0,9.1E-7,1.1E-6,7.799999999999999E-7,9.6E-7,3.0E-7,5.900000000000001E-7,6.15E-6,6.5800000000000005E-6,3.9E-6,2.67E-6,3.9E-6,2.67E-6,6.15E-6,6.5800000000000005E-6,4.4E-6,6.77E-6,4.4E-6,6.77E-6,1.136E-5,1.4295E-5,1.136E-5,1.4295E-5,5.39E-6,2.57E-6,5.39E-6,2.57E-6,7.66E-6,3.1600000000000002E-6,7.66E-6,3.1600000000000002E-6
1.0E-6,7.549999999999999E-5,1.74E-5,1.5E-6,1.8E-6,3.12E-5,3.0,5.0,3.0,7.0,5.0,16.0,1.03E-6,8.8E-7,8.9E-7,7.7E-7,3.0E-7,6.3E-7,1.796E-5,4.19E-6,5.7000000000000005E-6,2.6E-6,5.7000000000000005E-6,2.6E-6,1.796E-5,4.19E-6,4.7300000000000005E-6,8.040000000000001E-6,4.7300000000000005E-6,8.040000000000001E-6,7.26E-6,1.734E-5,7.26E-6,1.734E-5,5.75E-6,2.57E-6,5.75E-6,2.57E-6,1.045E-5,2.4500000000000003E-6,1.045E-5,2.4500000000000003E-6
1.0E-6,8.419999999999999E-5,1.3000000000000001E-5,4.7E-6,2.0E-6,3.0999999999999995E-5,3.0,11.0,5.0,5.0,3.0,16.0,8.499999999999999E-7,1.09E-6,7.799999999999999E-7,2.24E-6,3.0E-7,5.599999999999999E-7,1.684E-5,4.175E-6,3.3E-6,2.905E-6,3.3E-6,2.905E-6,1.684E-5,4.175E-6,6.7600000000000005E-6,4.84E-6,6.7600000000000005E-6,4.84E-6,1.725E-5,9.89E-6,1.725E-5,9.89E-6,5.21E-6,2.57E-6,5.21E-6,2.57E-6,1.4060000000000001E-5,3.18E-6,1.4060000000000001E-5,3.18E-6
1.0E-6,7.62E-5,1.42E-5,1.5E-6,2.0E-6,3.5199999999999995E-5,3.0,5.0,3.0,7.0,3.0,16.0,8.9E-7,8.8E-7,7.799999999999999E-7,1.04E-6,3.0E-7,6.3E-7,1.796E-5,4.44E-6,3.3E-6,2.905E-6,3.3E-6,2.905E-6,1.796E-5,4.44E-6,4.4E-6,6.97E-6,4.4E-6,6.97E-6,7.26E-6,1.7480000000000002E-5,7.26E-6,1.7480000000000002E-5,5.33E-6,2.57E-6,5.33E-6,2.57E-6,1.234E-5,2.4500000000000003E-6,1.234E-5,2.4500000000000003E-6
1.0E-6,8.24E-5,1.9299999999999998E-5,2.2E-6,2.2E-6,3.0299999999999998E-5,3.0,11.0,3.0,9.0,1.0,15.0,9.200000000000001E-7,8.299999999999999E-7,9.399999999999999E-7,2.02E-6,3.0E-7,5.1E-7,1.485E-5,4.26E-6,1.9E-6,3.5600000000000002E-6,1.9E-6,3.5600000000000002E-6,1.485E-5,4.26E-6,4.88E-6,8.67E-6,4.88E-6,8.67E-6,1.4390000000000001E-5,9.73E-6,1.4390000000000001E-5,9.73E-6,5.42E-6,2.57E-6,5.42E-6,2.57E-6,2.444E-5,2.48E-6,2.444E-5,2.48E-6
1.0E-6,8.62E-5,1.31E-5,4.7E-6,2.0E-6,3.0999999999999995E-5,3.0,11.0,7.0,9.0,3.0,16.0,8.499999999999999E-7,1.09E-6,6.3E-7,2.17E-6,3.0E-7,5.7E-7,1.7E-5,4.175E-6,3.3E-6,2.905E-6,3.3E-6,2.905E-6,1.7E-5,4.175E-6,8.07E-6,4.1100000000000005E-6,8.07E-6,4.1100000000000005E-6,1.725E-5,1.0075000000000001E-5,1.725E-5,1.0075000000000001E-5,5.21E-6,2.57E-6,5.21E-6,2.57E-6,2.5790000000000002E-5,2.7600000000000003E-6,2.5790000000000002E-5,2.7600000000000003E-6
1.0E-6,4.73E-5,1.06E-5,2.1000000000000002E-6,2.5999999999999997E-6,3.7199999999999996E-5,5.0,9.0,3.0,7.0,3.0,13.0,7.799999999999999E-7,4.6999999999999995E-7,7.1E-7,6.699999999999999E-7,3.0E-7,5.4E-7,1.342E-5,5.1E-6,3.3E-6,3.105E-6,3.3E-6,3.105E-6,1.342E-5,5.1E-6,4.19E-6,5.77E-6,4.19E-6,5.77E-6,8.69E-6,7.495E-6,8.69E-6,7.495E-6,7.76E-6,2.44E-6,7.76E-6,2.44E-6,9.75E-6,2.5400000000000002E-6,9.75E-6,2.5400000000000002E-6
1.0E-6,9.03E-5,1.26E-5,2.9E-6,1.1E-6,1.85E-5,3.0,9.0,3.0,3.0,3.0,15.0,8.6E-7,8.0E-7,7.900000000000001E-7,5.5E-7,3.0E-7,5.0E-7,1.47E-5,3.4700000000000002E-6,3.9E-6,2.605E-6,3.9E-6,2.605E-6,1.47E-5,3.4700000000000002E-6,4.43E-6,6.44E-6,4.43E-6,6.44E-6,1.166E-5,1.227E-5,1.166E-5,1.227E-5,5.24E-6,2.57E-6,5.24E-6,2.57E-6,3.71E-6,3.2050000000000002E-6,3.71E-6,3.2050000000000002E-6
1.0E-6,8.08E-5,1.9299999999999998E-5,1.4E-6,1.8E-6,2.2E-5,3.0,9.0,3.0,3.0,3.0,13.0,8.9E-7,9.000000000000001E-7,9.6E-7,1.13E-6,3.0E-7,5.0E-7,1.29E-5,3.9300000000000005E-6,3.9E-6,2.84E-6,3.9E-6,2.84E-6,1.29E-5,3.9300000000000005E-6,4.94E-6,8.67E-6,4.94E-6,8.67E-6,1.256E-5,1.1215E-5,1.256E-5,1.1215E-5,5.33E-6,2.57E-6,5.33E-6,2.57E-6,6.0500000000000005E-6,2.705E-6,6.0500000000000005E-6,2.705E-6
1.0E-6,9.099999999999999E-5,1.71E-5,1.6E-6,2.0E-6,2.58E-5,1.0,7.0,3.0,5.0,3.0,16.0,1.0E-6,8.9E-7,8.699999999999999E-7,1.48E-6,3.0E-7,4.5E-7,1.508E-5,3.85E-6,3.3E-6,2.905E-6,3.3E-6,2.905E-6,1.508E-5,3.85E-6,4.67E-6,7.94E-6,4.67E-6,7.94E-6,9.89E-6,1.524E-5,9.89E-6,1.524E-5,2.26E-6,2.36E-6,2.26E-6,2.36E-6,1.126E-5,2.56E-6,1.126E-5,2.56E-6
1.0E-6,9.059999999999999E-5,1.9E-5,1.4E-6,1.2E-6,1.73E-5,3.0,7.0,3.0,3.0,3.0,15.0,8.9E-7,9.000000000000001E-7,9.6E-7,1.13E-6,3.0E-7,5.0E-7,1.47E-5,3.39E-6,3.9E-6,2.64E-6,3.9E-6,2.64E-6,1.47E-5,3.39E-6,4.94E-6,8.570000000000001E-6,4.94E-6,8.570000000000001E-6,9.96E-6,1.518E-5,9.96E-6,1.518E-5,5.33E-6,2.57E-6,5.33E-6,2.57E-6,6.0500000000000005E-6,2.705E-6,6.0500000000000005E-6,2.705E-6
1.0E-6,8.659999999999999E-5,1.9E-5,5.199999999999999E-6,1.2E-6,1.73E-5,3.0,7.0,3.0,5.0,3.0,15.0,8.9E-7,9.000000000000001E-7,9.6E-7,1.1E-6,3.0E-7,5.0E-7,1.47E-5,3.39E-6,3.9E-6,2.64E-6,3.9E-6,2.64E-6,1.47E-5,3.39E-6,4.94E-6,8.570000000000001E-6,4.94E-6,8.570000000000001E-6,9.96E-6,1.461E-5,9.96E-6,1.461E-5,5.33E-6,2.57E-6,5.33E-6,2.57E-6,8.36E-6,3.28E-6,8.36E-6,3.28E-6
1.0E-6,8.24E-5,1.38E-5,2.2E-6,1.6E-6,2.75E-5,1.0,11.0,3.0,9.0,1.0,15.0,9.6E-7,8.299999999999999E-7,9.399999999999999E-7,1.23E-6,3.0E-7,5.1E-7,1.485E-5,4.07E-6,1.9E-6,2.96E-6,1.9E-6,2.96E-6,1.485E-5,4.07E-6,4.88E-6,6.84E-6,4.88E-6,6.84E-6,1.4390000000000001E-5,9.73E-6,1.4390000000000001E-5,9.73E-6,2.22E-6,2.36E-6,2.22E-6,2.36E-6,1.7330000000000002E-5,2.48E-6,1.7330000000000002E-5,2.48E-6
1.0E-6,8.41E-5,1.9299999999999998E-5,2.1000000000000002E-6,2.0E-6,2.84E-5,3.0,7.0,3.0,5.0,3.0,13.0,9.6E-7,9.1E-7,1.03E-6,8.9E-7,3.0E-7,5.599999999999999E-7,1.368E-5,4.42E-6,3.3E-6,2.905E-6,3.3E-6,2.905E-6,1.368E-5,4.42E-6,5.15E-6,8.67E-6,5.15E-6,8.67E-6,1.003E-5,1.425E-5,1.003E-5,1.425E-5,5.54E-6,2.57E-6,5.54E-6,2.57E-6,8.31E-6,2.66E-6,8.31E-6,2.66E-6
1.0E-6,7.699999999999999E-5,1.91E-5,2.1000000000000002E-6,1.8E-6,2.84E-5,3.0,7.0,3.0,7.0,5.0,16.0,9.3E-7,8.9E-7,9.1E-7,8.499999999999999E-7,3.0E-7,5.900000000000001E-7,1.732E-5,4.015E-6,5.7000000000000005E-6,2.6E-6,5.7000000000000005E-6,2.6E-6,1.732E-5,4.015E-6,4.79E-6,8.605E-6,4.79E-6,8.605E-6,9.89E-6,1.324E-5,9.89E-6,1.324E-5,5.45E-6,2.57E-6,5.45E-6,2.57E-6,1.101E-5,2.5400000000000002E-6,1.101E-5,2.5400000000000002E-6
1.0E-6,8.41E-5,1.52E-5,7.9E-6,1.8E-6,2.84E-5,3.0,7.0,3.0,7.0,5.0,16.0,9.000000000000001E-7,8.9E-7,9.1E-7,8.499999999999999E-7,3.0E-7,5.900000000000001E-7,1.732E-5,4.015E-6,5.7000000000000005E-6,2.6E-6,5.7000000000000005E-6,2.6E-6,1.732E-5,4.015E-6,4.79E-6,7.305E-6,4.79E-6,7.305E-6,9.89E-6,1.425E-5,9.89E-6,1.425E-5,5.36E-6,2.57E-6,5.36E-6,2.57E-6,9.61E-6,3.365E-6,9.61E-6,3.365E-6
1.0E-6,7.699999999999999E-5,1.91E-5,1.19E-5,1.8E-6,2.74E-5,3.0,7.0,3.0,7.0,3.0,15.0,9.3E-7,8.9E-7,9.1E-7,1.19E-6,3.0E-7,5.900000000000001E-7,1.605E-5,4.065E-6,3.9E-6,2.84E-6,3.9E-6,2.84E-6,1.605E-5,4.065E-6,4.79E-6,8.605E-6,4.79E-6,8.605E-6,9.89E-6,1.324E-5,9.89E-6,1.324E-5,5.45E-6,2.57E-6,5.45E-6,2.57E-6,1.199E-5,3.94E-6,1.199E-5,3.94E-6
1.0E-6,8.709999999999999E-5,1.35E-5,1.01E-5,1.6E-6,2.01E-5,3.0,11.0,3.0,5.0,3.0,15.0,9.6E-7,9.9E-7,9.1E-7,1.04E-6,3.0E-7,4.4E-7,1.38E-5,3.58E-6,3.9E-6,2.77E-6,3.9E-6,2.77E-6,1.38E-5,3.58E-6,4.79E-6,6.74E-6,4.79E-6,6.74E-6,1.615E-5,1.0155E-5,1.615E-5,1.0155E-5,5.54E-6,2.57E-6,5.54E-6,2.57E-6,8.06E-6,4.26E-6,8.06E-6,4.26E-6
1.0E-6,8.439999999999999E-5,1.36E-5,4.6E-6,1.2999999999999998E-6,2.17E-5,3.0,7.0,3.0,5.0,3.0,5.0,9.1E-7,1.1E-6,7.799999999999999E-7,9.6E-7,3.0E-7,5.900000000000001E-7,6.15E-6,6.5800000000000005E-6,3.9E-6,2.67E-6,3.9E-6,2.67E-6,6.15E-6,6.5800000000000005E-6,4.4E-6,6.77E-6,4.4E-6,6.77E-6,1.136E-5,1.4295E-5,1.136E-5,1.4295E-5,5.39E-6,2.57E-6,5.39E-6,2.57E-6,7.66E-6,3.1600000000000002E-6,7.66E-6,3.1600000000000002E-6
1.0E-6,7.549999999999999E-5,1.74E-5,1.5E-6,1.8E-6,3.12E-5,3.0,5.0,3.0,7.0,5.0,16.0,1.03E-6,8.8E-7,8.9E-7,7.7E-7,3.0E-7,6.3E-7,1.796E-5,4.19E-6,5.7000000000000005E-6,2.6E-6,5.7000000000000005E-6,2.6E-6,1.796E-5,4.19E-6,4.7300000000000005E-6,8.040000000000001E-6,4.7300000000000005E-6,8.040000000000001E-6,7.26E-6,1.734E-5,7.26E-6,1.734E-5,5.75E-6,2.57E-6,5.75E-6,2.57E-6,1.045E-5,2.4500000000000003E-6,1.045E-5,2.4500000000000003E-6
1.0E-6,8.419999999999999E-5,1.3000000000000001E-5,4.7E-6,2.0E-6,3.0999999999999995E-5,3.0,11.0,5.0,5.0,3.0,16.0,8.499999999999999E-7,1.09E-6,7.799999999999999E-7,2.24E-6,3.0E-7,5.599999999999999E-7,1.684E-5,4.175E-6,3.3E-6,2.905E-6,3.3E-6,2.905E-6,1.684E-5,4.175E-6,6.7600000000000005E-6,4.84E-6,6.7600000000000005E-6,4.84E-6,1.725E-5,9.89E-6,1.725E-5,9.89E-6,5.21E-6,2.57E-6,5.21E-6,2.57E-6,1.4060000000000001E-5,3.18E-6,1.4060000000000001E-5,3.18E-6
1.0E-6,7.62E-5,1.42E-5,1.5E-6,2.0E-6,3.5199999999999995E-5,3.0,5.0,3.0,7.0,3.0,16.0,8.9E-7,8.8E-7,7.799999999999999E-7,1.04E-6,3.0E-7,6.3E-7,1.796E-5,4.44E-6,3.3E-6,2.905E-6,3.3E-6,2.905E-6,1.796E-5,4.44E-6,4.4E-6,6.97E-6,4.4E-6,6.97E-6,7.26E-6,1.7480000000000002E-5,7.26E-6,1.7480000000000002E-5,5.33E-6,2.57E-6,5.33E-6,2.57E-6,1.234E-5,2.4500000000000003E-6,1.234E-5,2.4500000000000003E-6
1.0E-6,7.62E-5,1.91E-5,2.3E-6,1.6E-6,2.84E-5,5.0,7.0,3.0,5.0,3.0,15.0,1.26E-6,1.4E-6,1.23E-6,1.57E-6,3.0E-7,5.900000000000001E-7,1.605E-5,4.13E-6,3.9E-6,2.77E-6,3.9E-6,2.77E-6,1.605E-5,4.13E-6,5.75E-6,8.605E-6,5.75E-6,8.605E-6,1.346E-5,1.3125E-5,1.346E-5,1.3125E-5,1.0160000000000001E-5,2.44E-6,1.0160000000000001E-5,2.44E-6,1.171E-5,2.7E-6,1.171E-5,2.7E-6
1.0E-6,8.92E-5,1.9299999999999998E-5,2.2E-6,1.6999999999999998E-6,2.9599999999999998E-5,3.0,11.0,3.0,9.0,1.0,15.0,9.3E-7,9.3E-7,9.3E-7,2.05E-6,3.0E-7,6.2E-7,1.65E-5,4.21E-6,1.9E-6,3.06E-6,1.9E-6,3.06E-6,1.65E-5,4.21E-6,4.85E-6,8.67E-6,4.85E-6,8.67E-6,1.549E-5,1.0345E-5,1.549E-5,1.0345E-5,5.45E-6,2.57E-6,5.45E-6,2.57E-6,2.471E-5,2.48E-6,2.471E-5,2.48E-6
1.0E-6,8.62E-5,1.31E-5,4.7E-6,2.0E-6,3.0999999999999995E-5,3.0,11.0,7.0,9.0,3.0,16.0,8.499999999999999E-7,1.09E-6,6.3E-7,2.17E-6,3.0E-7,5.7E-7,1.7E-5,4.175E-6,3.3E-6,2.905E-6,3.3E-6,2.905E-6,1.7E-5,4.175E-6,8.07E-6,4.1100000000000005E-6,8.07E-6,4.1100000000000005E-6,1.725E-5,1.0075000000000001E-5,1.725E-5,1.0075000000000001E-5,5.21E-6,2.57E-6,5.21E-6,2.57E-6,2.5790000000000002E-5,2.7600000000000003E-6,2.5790000000000002E-5,2.7600000000000003E-6
1.0E-6,4.73E-5,1.06E-5,2.1000000000000002E-6,2.5999999999999997E-6,3.7199999999999996E-5,5.0,9.0,3.0,7.0,3.0,13.0,7.799999999999999E-7,4.6999999999999995E-7,7.1E-7,6.699999999999999E-7,3.0E-7,5.4E-7,1.342E-5,5.1E-6,3.3E-6,3.105E-6,3.3E-6,3.105E-6,1.342E-5,5.1E-6,4.19E-6,5.77E-6,4.19E-6,5.77E-6,8.69E-6,7.495E-6,8.69E-6,7.495E-6,7.76E-6,2.44E-6,7.76E-6,2.44E-6,9.75E-6,2.5400000000000002E-6,9.75E-6,2.5400000000000002E-6
1.0E-6,9.03E-5,1.26E-5,2.9E-6,1.1E-6,1.85E-5,3.0,9.0,3.0,3.0,3.0,15.0,8.6E-7,8.0E-7,7.900000000000001E-7,5.5E-7,3.0E-7,5.0E-7,1.47E-5,3.4700000000000002E-6,3.9E-6,2.605E-6,3.9E-6,2.605E-6,1.47E-5,3.4700000000000002E-6,4.43E-6,6.44E-6,4.43E-6,6.44E-6,1.166E-5,1.227E-5,1.166E-5,1.227E-5,5.24E-6,2.57E-6,5.24E-6,2.57E-6,3.71E-6,3.2050000000000002E-6,3.71E-6,3.2050000000000002E-6
1.0E-6,8.08E-5,1.9299999999999998E-5,1.4E-6,1.8E-6,2.2E-5,3.0,9.0,3.0,3.0,3.0,13.0,8.9E-7,9.000000000000001E-7,9.6E-7,1.13E-6,3.0E-7,5.0E-7,1.29E-5,3.9300000000000005E-6,3.9E-6,2.84E-6,3.9E-6,2.84E-6,1.29E-5,3.9300000000000005E-6,4.94E-6,8.67E-6,4.94E-6,8.67E-6,1.256E-5,1.1215E-5,1.256E-5,1.1215E-5,5.33E-6,2.57E-6,5.33E-6,2.57E-6,6.0500000000000005E-6,2.705E-6,6.0500000000000005E-6,2.705E-6
1.0E-6,9.099999999999999E-5,1.71E-5,1.6E-6,2.0E-6,2.58E-5,1.0,7.0,3.0,5.0,3.0,16.0,1.0E-6,8.9E-7,8.699999999999999E-7,1.48E-6,3.0E-7,4.5E-7,1.508E-5,3.85E-6,3.3E-6,2.905E-6,3.3E-6,2.905E-6,1.508E-5,3.85E-6,4.67E-6,7.94E-6,4.67E-6,7.94E-6,9.89E-6,1.524E-5,9.89E-6,1.524E-5,2.26E-6,2.36E-6,2.26E-6,2.36E-6,1.126E-5,2.56E-6,1.126E-5,2.56E-6
1.0E-6,9.059999999999999E-5,1.9E-5,1.4E-6,1.2E-6,1.73E-5,3.0,7.0,3.0,3.0,3.0,15.0,8.9E-7,9.000000000000001E-7,9.6E-7,1.13E-6,3.0E-7,5.0E-7,1.47E-5,3.39E-6,3.9E-6,2.64E-6,3.9E-6,2.64E-6,1.47E-5,3.39E-6,4.94E-6,8.570000000000001E-6,4.94E-6,8.570000000000001E-6,9.96E-6,1.518E-5,9.96E-6,1.518E-5,5.33E-6,2.57E-6,5.33E-6,2.57E-6,6.0500000000000005E-6,2.705E-6,6.0500000000000005E-6,2.705E-6
1.0E-6,8.659999999999999E-5,1.9E-5,5.199999999999999E-6,1.2E-6,1.73E-5,3.0,7.0,3.0,5.0,3.0,15.0,8.9E-7,9.000000000000001E-7,9.6E-7,1.1E-6,3.0E-7,5.0E-7,1.47E-5,3.39E-6,3.9E-6,2.64E-6,3.9E-6,2.64E-6,1.47E-5,3.39E-6,4.94E-6,8.570000000000001E-6,4.94E-6,8.570000000000001E-6,9.96E-6,1.461E-5,9.96E-6,1.461E-5,5.33E-6,2.57E-6,5.33E-6,2.57E-6,8.36E-6,3.28E-6,8.36E-6,3.28E-6
1.0E-6,8.24E-5,1.38E-5,2.2E-6,1.6E-6,2.75E-5,1.0,11.0,3.0,9.0,1.0,15.0,9.6E-7,8.299999999999999E-7,9.399999999999999E-7,1.23E-6,3.0E-7,5.1E-7,1.485E-5,4.07E-6,1.9E-6,2.96E-6,1.9E-6,2.96E-6,1.485E-5,4.07E-6,4.88E-6,6.84E-6,4.88E-6,6.84E-6,1.4390000000000001E-5,9.73E-6,1.4390000000000001E-5,9.73E-6,2.22E-6,2.36E-6,2.22E-6,2.36E-6,1.7330000000000002E-5,2.48E-6,1.7330000000000002E-5,2.48E-6
1.0E-6,8.41E-5,1.9299999999999998E-5,2.1000000000000002E-6,2.0E-6,2.84E-5,3.0,7.0,3.0,5.0,3.0,13.0,9.6E-7,9.1E-7,1.03E-6,8.9E-7,3.0E-7,5.599999999999999E-7,1.368E-5,4.42E-6,3.3E-6,2.905E-6,3.3E-6,2.905E-6,1.368E-5,4.42E-6,5.15E-6,8.67E-6,5.15E-6,8.67E-6,1.003E-5,1.425E-5,1.003E-5,1.425E-5,5.54E-6,2.57E-6,5.54E-6,2.57E-6,8.31E-6,2.66E-6,8.31E-6,2.66E-6
1.0E-6,7.699999999999999E-5,1.91E-5,2.1000000000000002E-6,1.8E-6,2.84E-5,3.0,7.0,3.0,7.0,5.0,16.0,9.3E-7,8.9E-7,9.1E-7,8.499999999999999E-7,3.0E-7,5.900000000000001E-7,1.732E-5,4.015E-6,5.7000000000000005E-6,2.6E-6,5.7000000000000005E-6,2.6E-6,1.732E-5,4.015E-6,4.79E-6,8.605E-6,4.79E-6,8.605E-6,9.89E-6,1.324E-5,9.89E-6,1.324E-5,5.45E-6,2.57E-6,5.45E-6,2.57E-6,1.101E-5,2.5400000000000002E-6,1.101E-5,2.5400000000000002E-6
1.0E-6,7.67E-5,1.72E-5,1.5E-6,1.2E-6,2.01E-5,3.0,11.0,3.0,5.0,3.0,15.0,8.8E-7,9.9E-7,9.7E-7,1.1E-6,3.0E-7,6.6E-7,1.71E-5,3.58E-6,3.9E-6,2.64E-6,3.9E-6,2.64E-6,1.71E-5,3.58E-6,4.97E-6,7.97E-6,4.97E-6,7.97E-6,1.615E-5,9.21E-6,1.615E-5,9.21E-6,5.3E-6,2.57E-6,5.3E-6,2.57E-6,9.36E-6,2.5400000000000002E-6,9.36E-6,2.5400000000000002E-6
1.0E-6,8.41E-5,1.52E-5,7.9E-6,1.8E-6,2.84E-5,3.0,7.0,3.0,7.0,5.0,16.0,9.000000000000001E-7,8.9E-7,9.1E-7,8.499999999999999E-7,3.0E-7,5.900000000000001E-7,1.732E-5,4.015E-6,5.7000000000000005E-6,2.6E-6,5.7000000000000005E-6,2.6E-6,1.732E-5,4.015E-6,4.79E-6,7.305E-6,4.79E-6,7.305E-6,9.89E-6,1.425E-5,9.89E-6,1.425E-5,5.36E-6,2.57E-6,5.36E-6,2.57E-6,9.61E-6,3.365E-6,9.61E-6,3.365E-6
1.0E-6,8.08E-5,1.38E-5,1.6999999999999998E-6,1.6E-6,2.76E-5,3.0,9.0,3.0,7.0,1.0,15.0,9.7E-7,8.2E-7,1.0E-6,1.4099999999999998E-6,3.0E-7,4.8E-7,1.4400000000000001E-5,4.08E-6,1.9E-6,2.96E-6,1.9E-6,2.96E-6,1.4400000000000001E-5,4.08E-6,5.06E-6,6.84E-6,5.06E-6,6.84E-6,1.184E-5,1.1215E-5,1.184E-5,1.1215E-5,5.57E-6,2.57E-6,5.57E-6,2.57E-6,1.4930000000000001E-5,2.48E-6,1.4930000000000001E-5,2.48E-6
1.0E-6,7.699999999999999E-5,1.91E-5,1.19E-5,1.8E-6,2.74E-5,3.0,7.0,3.0,7.0,3.0,15.0,9.3E-7,8.9E-7,9.1E-7,1.19E-6,3.0E-7,5.900000000000001E-7,1.605E-5,4.065E-6,3.9E-6,2.84E-6,3.9E-6,2.84E-6,1.605E-5,4.065E-6,4.79E-6,8.605E-6,4.79E-6,8.605E-6,9.89E-6,1.324E-5,9.89E-6,1.324E-5,5.45E-6,2.57E-6,5.45E-6,2.57E-6,1.199E-5,3.94E-6,1.199E-5,3.94E-6
1.0E-6,8.439999999999999E-5,1.36E-5,4.6E-6,1.2999999999999998E-6,2.17E-5,3.0,7.0,3.0,5.0,3.0,5.0,9.1E-7,1.1E-6,7.799999999999999E-7,9.6E-7,3.0E-7,5.900000000000001E-7,6.15E-6,6.5800000000000005E-6,3.9E-6,2.67E-6,3.9E-6,2.67E-6,6.15E-6,6.5800000000000005E-6,4.4E-6,6.77E-6,4.4E-6,6.77E-6,1.136E-5,1.4295E-5,1.136E-5,1.4295E-5,5.39E-6,2.57E-6,5.39E-6,2.57E-6,7.66E-6,3.1600000000000002E-6,7.66E-6,3.1600000000000002E-6
1.0E-6,7.549999999999999E-5,1.74E-5,1.5E-6,1.8E-6,3.12E-5,3.0,5.0,3.0,7.0,5.0,16.0,1.03E-6,8.8E-7,8.9E-7,7.7E-7,3.0E-7,6.3E-7,1.796E-5,4.19E-6,5.7000000000000005E-6,2.6E-6,5.7000000000000005E-6,2.6E-6,1.796E-5,4.19E-6,4.7300000000000005E-6,8.040000000000001E-6,4.7300000000000005E-6,8.040000000000001E-6,7.26E-6,1.734E-5,7.26E-6,1.734E-5,5.75E-6,2.57E-6,5.75E-6,2.57E-6,1.045E-5,2.4500000000000003E-6,1.045E-5,2.4500000000000003E-6
1.0E-6,8.419999999999999E-5,1.3000000000000001E-5,4.7E-6,2.0E-6,3.0999999999999995E-5,3.0,11.0,5.0,5.0,3.0,16.0,8.499999999999999E-7,1.09E-6,7.799999999999999E-7,2.24E-6,3.0E-7,5.599999999999999E-7,1.684E-5,4.175E-6,3.3E-6,2.905E-6,3.3E-6,2.905E-6,1.684E-5,4.175E-6,6.7600000000000005E-6,4.84E-6,6.7600000000000005E-6,4.84E-6,1.725E-5,9.89E-6,1.725E-5,9.89E-6,5.21E-6,2.57E-6,5.21E-6,2.57E-6,1.4060000000000001E-5,3.18E-6,1.4060000000000001E-5,3.18E-6
1.0E-6,7.62E-5,1.42E-5,1.5E-6,2.0E-6,3.5199999999999995E-5,3.0,5.0,3.0,7.0,3.0,16.0,8.9E-7,8.8E-7,7.799999999999999E-7,1.04E-6,3.0E-7,6.3E-7,1.796E-5,4.44E-6,3.3E-6,2.905E-6,3.3E-6,2.905E-6,1.796E-5,4.44E-6,4.4E-6,6.97E-6,4.4E-6,6.97E-6,7.26E-6,1.7480000000000002E-5,7.26E-6,1.7480000000000002E-5,5.33E-6,2.57E-6,5.33E-6,2.57E-6,1.234E-5,2.4500000000000003E-6,1.234E-5,2.4500000000000003E-6
1.0E-6,7.62E-5,1.91E-5,2.3E-6,1.6E-6,2.84E-5,5.0,7.0,3.0,5.0,3.0,15.0,1.26E-6,1.4E-6,1.23E-6,1.57E-6,3.0E-7,5.900000000000001E-7,1.605E-5,4.13E-6,3.9E-6,2.77E-6,3.9E-6,2.77E-6,1.605E-5,4.13E-6,5.75E-6,8.605E-6,5.75E-6,8.605E-6,1.346E-5,1.3125E-5,1.346E-5,1.3125E-5,1.0160000000000001E-5,2.44E-6,1.0160000000000001E-5,2.44E-6,1.171E-5,2.7E-6,1.171E-5,2.7E-6
1.0E-6,7.74E-5,1.91E-5,2.0E-6,1.8E-6,2.99E-5,3.0,7.0,3.0,7.0,1.0,16.0,9.000000000000001E-7,8.9E-7,8.9E-7,1.77E-6,3.0E-7,6.1E-7,1.764E-5,4.1050000000000005E-6,1.9E-6,3.1600000000000002E-6,1.9E-6,3.1600000000000002E-6,1.764E-5,4.1050000000000005E-6,4.7300000000000005E-6,8.605E-6,4.7300000000000005E-6,8.605E-6,9.89E-6,1.3295E-5,9.89E-6,1.3295E-5,5.36E-6,2.57E-6,5.36E-6,2.57E-6,1.745E-5,2.525E-6,1.745E-5,2.525E-6
1.0E-6,7.869999999999999E-5,1.23E-5,8.1E-6,1.9E-6,2.84E-5,3.0,9.0,3.0,5.0,3.0,16.0,9.200000000000001E-7,9.200000000000001E-7,7.900000000000001E-7,3.7800000000000002E-6,3.0E-7,5.0E-7,1.588E-5,4.015E-6,3.9E-6,2.87E-6,3.9E-6,2.87E-6,1.588E-5,4.015E-6,4.43E-6,6.34E-6,4.43E-6,6.34E-6,1.274E-5,1.098E-5,1.274E-5,1.098E-5,5.42E-6,2.57E-6,5.42E-6,2.57E-6,2.1760000000000002E-5,3.86E-6,2.1760000000000002E-5,3.86E-6
1.0E-6,8.92E-5,1.9299999999999998E-5,2.2E-6,1.6999999999999998E-6,2.9599999999999998E-5,3.0,11.0,3.0,9.0,1.0,15.0,9.3E-7,9.3E-7,9.3E-7,2.05E-6,3.0E-7,6.2E-7,1.65E-5,4.21E-6,1.9E-6,3.06E-6,1.9E-6,3.06E-6,1.65E-5,4.21E-6,4.85E-6,8.67E-6,4.85E-6,8.67E-6,1.549E-5,1.0345E-5,1.549E-5,1.0345E-5,5.45E-6,2.57E-6,5.45E-6,2.57E-6,2.471E-5,2.48E-6,2.471E-5,2.48E-6
1.0E-6,8.62E-5,1.31E-5,4.7E-6,2.0E-6,3.0999999999999995E-5,3.0,11.0,7.0,9.0,3.0,16.0,8.499999999999999E-7,1.09E-6,6.3E-7,2.17E-6,3.0E-7,5.7E-7,1.7E-5,4.175E-6,3.3E-6,2.905E-6,3.3E-6,2.905E-6,1.7E-5,4.175E-6,8.07E-6,4.1100000000000005E-6,8.07E-6,4.1100000000000005E-6,1.725E-5,1.0075000000000001E-5,1.725E-5,1.0075000000000001E-5,5.21E-6,2.57E-6,5.21E-6,2.57E-6,2.5790000000000002E-5,2.7600000000000003E-6,2.5790000000000002E-5,2.7600000000000003E-6
1.0E-6,4.73E-5,1.06E-5,2.1000000000000002E-6,2.5999999999999997E-6,3.7199999999999996E-5,5.0,9.0,3.0,7.0,3.0,13.0,7.799999999999999E-7,4.6999999999999995E-7,7.1E-7,6.699999999999999E-7,3.0E-7,5.4E-7,1.342E-5,5.1E-6,3.3E-6,3.105E-6,3.3E-6,3.105E-6,1.342E-5,5.1E-6,4.19E-6,5.77E-6,4.19E-6,5.77E-6,8.69E-6,7.495E-6,8.69E-6,7.495E-6,7.76E-6,2.44E-6,7.76E-6,2.44E-6,9.75E-6,2.5400000000000002E-6,9.75E-6,2.5400000000000002E-6
1.0E-6,9.03E-5,1.26E-5,2.9E-6,1.1E-6,1.85E-5,3.0,9.0,3.0,3.0,3.0,15.0,8.6E-7,8.0E-7,7.900000000000001E-7,5.5E-7,3.0E-7,5.0E-7,1.47E-5,3.4700000000000002E-6,3.9E-6,2.605E-6,3.9E-6,2.605E-6,1.47E-5,3.4700000000000002E-6,4.43E-6,6.44E-6,4.43E-6,6.44E-6,1.166E-5,1.227E-5,1.166E-5,1.227E-5,5.24E-6,2.57E-6,5.24E-6,2.57E-6,3.71E-6,3.2050000000000002E-6,3.71E-6,3.2050000000000002E-6
1.0E-6,8.08E-5,1.9299999999999998E-5,1.4E-6,1.8E-6,2.2E-5,3.0,9.0,3.0,3.0,3.0,13.0,8.9E-7,9.000000000000001E-7,9.6E-7,1.13E-6,3.0E-7,5.0E-7,1.29E-5,3.9300000000000005E-6,3.9E-6,2.84E-6,3.9E-6,2.84E-6,1.29E-5,3.9300000000000005E-6,4.94E-6,8.67E-6,4.94E-6,8.67E-6,1.256E-5,1.1215E-5,1.256E-5,1.1215E-5,5.33E-6,2.57E-6,5.33E-6,2.57E-6,6.0500000000000005E-6,2.705E-6,6.0500000000000005E-6,2.705E-6
1.0E-6,9.099999999999999E-5,1.71E-5,1.6E-6,2.0E-6,2.58E-5,1.0,7.0,3.0,5.0,3.0,16.0,1.0E-6,8.9E-7,8.699999999999999E-7,1.48E-6,3.0E-7,4.5E-7,1.508E-5,3.85E-6,3.3E-6,2.905E-6,3.3E-6,2.905E-6,1.508E-5,3.85E-6,4.67E-6,7.94E-6,4.67E-6,7.94E-6,9.89E-6,1.524E-5,9.89E-6,1.524E-5,2.26E-6,2.36E-6,2.26E-6,2.36E-6,1.126E-5,2.56E-6,1.126E-5,2.56E-6
1.0E-6,7.269999999999999E-5,1.43E-5,2.2E-6,2.0E-6,2.83E-5,3.0,11.0,3.0,7.0,3.0,15.0,8.9E-7,8.8E-7,7.900000000000001E-7,1.03E-6,3.0E-7,5.1E-7,1.485E-5,4.125E-6,3.3E-6,2.905E-6,3.3E-6,2.905E-6,1.485E-5,4.125E-6,4.43E-6,7.005E-6,4.43E-6,7.005E-6,1.4940000000000001E-5,8.845000000000001E-6,1.4940000000000001E-5,8.845000000000001E-6,5.33E-6,2.57E-6,5.33E-6,2.57E-6,1.227E-5,2.55E-6,1.227E-5,2.55E-6
1.0E-6,9.059999999999999E-5,1.9E-5,1.4E-6,1.2E-6,1.73E-5,3.0,7.0,3.0,3.0,3.0,15.0,8.9E-7,9.000000000000001E-7,9.6E-7,1.13E-6,3.0E-7,5.0E-7,1.47E-5,3.39E-6,3.9E-6,2.64E-6,3.9E-6,2.64E-6,1.47E-5,3.39E-6,4.94E-6,8.570000000000001E-6,4.94E-6,8.570000000000001E-6,9.96E-6,1.518E-5,9.96E-6,1.518E-5,5.33E-6,2.57E-6,5.33E-6,2.57E-6,6.0500000000000005E-6,2.705E-6,6.0500000000000005E-6,2.705E-6
1.0E-6,8.659999999999999E-5,1.9E-5,5.199999999999999E-6,1.2E-6,1.73E-5,3.0,7.0,3.0,5.0,3.0,15.0,8.9E-7,9.000000000000001E-7,9.6E-7,1.1E-6,3.0E-7,5.0E-7,1.47E-5,3.39E-6,3.9E-6,2.64E-6,3.9E-6,2.64E-6,1.47E-5,3.39E-6,4.94E-6,8.570000000000001E-6,4.94E-6,8.570000000000001E-6,9.96E-6,1.461E-5,9.96E-6,1.461E-5,5.33E-6,2.57E-6,5.33E-6,2.57E-6,8.36E-6,3.28E-6,8.36E-6,3.28E-6
1.0E-6,8.24E-5,1.38E-5,2.2E-6,1.6E-6,2.75E-5,1.0,11.0,3.0,9.0,1.0,15.0,9.6E-7,8.299999999999999E-7,9.399999999999999E-7,1.23E-6,3.0E-7,5.1E-7,1.485E-5,4.07E-6,1.9E-6,2.96E-6,1.9E-6,2.96E-6,1.485E-5,4.07E-6,4.88E-6,6.84E-6,4.88E-6,6.84E-6,1.4390000000000001E-5,9.73E-6,1.4390000000000001E-5,9.73E-6,2.22E-6,2.36E-6,2.22E-6,2.36E-6,1.7330000000000002E-5,2.48E-6,1.7330000000000002E-5,2.48E-6
1.0E-6,8.41E-5,1.9299999999999998E-5,2.1000000000000002E-6,2.0E-6,2.84E-5,3.0,7.0,3.0,5.0,3.0,13.0,9.6E-7,9.1E-7,1.03E-6,8.9E-7,3.0E-7,5.599999999999999E-7,1.368E-5,4.42E-6,3.3E-6,2.905E-6,3.3E-6,2.905E-6,1.368E-5,4.42E-6,5.15E-6,8.67E-6,5.15E-6,8.67E-6,1.003E-5,1.425E-5,1.003E-5,1.425E-5,5.54E-6,2.57E-6,5.54E-6,2.57E-6,8.31E-6,2.66E-6,8.31E-6,2.66E-6
1.0E-6,7.699999999999999E-5,1.91E-5,2.1000000000000002E-6,1.8E-6,2.84E-5,3.0,7.0,3.0,7.0,5.0,16.0,9.3E-7,8.9E-7,9.1E-7,8.499999999999999E-7,3.0E-7,5.900000000000001E-7,1.732E-5,4.015E-6,5.7000000000000005E-6,2.6E-6,5.7000000000000005E-6,2.6E-6,1.732E-5,4.015E-6,4.79E-6,8.605E-6,4.79E-6,8.605E-6,9.89E-6,1.324E-5,9.89E-6,1.324E-5,5.45E-6,2.57E-6,5.45E-6,2.57E-6,1.101E-5,2.5400000000000002E-6,1.101E-5,2.5400000000000002E-6
1.0E-6,7.67E-5,1.72E-5,1.5E-6,1.2E-6,2.01E-5,3.0,11.0,3.0,5.0,3.0,15.0,8.8E-7,9.9E-7,9.7E-7,1.1E-6,3.0E-7,6.6E-7,1.71E-5,3.58E-6,3.9E-6,2.64E-6,3.9E-6,2.64E-6,1.71E-5,3.58E-6,4.97E-6,7.97E-6,4.97E-6,7.97E-6,1.615E-5,9.21E-6,1.615E-5,9.21E-6,5.3E-6,2.57E-6,5.3E-6,2.57E-6,9.36E-6,2.5400000000000002E-6,9.36E-6,2.5400000000000002E-6
1.0E-6,8.41E-5,1.52E-5,7.9E-6,1.8E-6,2.84E-5,3.0,7.0,3.0,7.0,5.0,16.0,9.000000000000001E-7,8.9E-7,9.1E-7,8.499999999999999E-7,3.0E-7,5.900000000000001E-7,1.732E-5,4.015E-6,5.7000000000000005E-6,2.6E-6,5.7000000000000005E-6,2.6E-6,1.732E-5,4.015E-6,4.79E-6,7.305E-6,4.79E-6,7.305E-6,9.89E-6,1.425E-5,9.89E-6,1.425E-5,5.36E-6,2.57E-6,5.36E-6,2.57E-6,9.61E-6,3.365E-6,9.61E-6,3.365E-6
1.0E-6,9.31E-5,1.99E-5,2.3E-6,2.0E-6,3.0299999999999998E-5,3.0,7.0,3.0,3.0,3.0,16.0,8.9E-7,9.1E-7,1.13E-6,1.29E-6,3.0E-7,5.7E-7,1.7E-5,4.13E-6,3.3E-6,2.905E-6,3.3E-6,2.905E-6,1.7E-5,4.13E-6,5.45E-6,8.87E-6,5.45E-6,8.87E-6,1.003E-5,1.554E-5,1.003E-5,1.554E-5,5.33E-6,2.57E-6,5.33E-6,2.57E-6,5.93E-6,3.005E-6,5.93E-6,3.005E-6
1.0E-6,8.08E-5,1.38E-5,1.6999999999999998E-6,1.6E-6,2.76E-5,3.0,9.0,3.0,7.0,1.0,15.0,9.7E-7,8.2E-7,1.0E-6,1.4099999999999998E-6,3.0E-7,4.8E-7,1.4400000000000001E-5,4.08E-6,1.9E-6,2.96E-6,1.9E-6,2.96E-6,1.4400000000000001E-5,4.08E-6,5.06E-6,6.84E-6,5.06E-6,6.84E-6,1.184E-5,1.1215E-5,1.184E-5,1.1215E-5,5.57E-6,2.57E-6,5.57E-6,2.57E-6,1.4930000000000001E-5,2.48E-6,1.4930000000000001E-5,2.48E-6
1.0E-6,7.699999999999999E-5,1.91E-5,1.19E-5,1.8E-6,2.74E-5,3.0,7.0,3.0,7.0,3.0,15.0,9.3E-7,8.9E-7,9.1E-7,1.19E-6,3.0E-7,5.900000000000001E-7,1.605E-5,4.065E-6,3.9E-6,2.84E-6,3.9E-6,2.84E-6,1.605E-5,4.065E-6,4.79E-6,8.605E-6,4.79E-6,8.605E-6,9.89E-6,1.324E-5,9.89E-6,1.324E-5,5.45E-6,2.57E-6,5.45E-6,2.57E-6,1.199E-5,3.94E-6,1.199E-5,3.94E-6
1.0E-6,8.439999999999999E-5,1.36E-5,4.6E-6,1.2999999999999998E-6,2.17E-5,3.0,7.0,3.0,5.0,3.0,5.0,9.1E-7,1.1E-6,7.799999999999999E-7,9.6E-7,3.0E-7,5.900000000000001E-7,6.15E-6,6.5800000000000005E-6,3.9E-6,2.67E-6,3.9E-6,2.67E-6,6.15E-6,6.5800000000000005E-6,4.4E-6,6.77E-6,4.4E-6,6.77E-6,1.136E-5,1.4295E-5,1.136E-5,1.4295E-5,5.39E-6,2.57E-6,5.39E-6,2.57E-6,7.66E-6,3.1600000000000002E-6,7.66E-6,3.1600000000000002E-6
1.0E-6,8.419999999999999E-5,1.3000000000000001E-5,4.7E-6,2.0E-6,3.0999999999999995E-5,3.0,11.0,5.0,5.0,3.0,16.0,8.499999999999999E-7,1.09E-6,7.799999999999999E-7,2.24E-6,3.0E-7,5.599999999999999E-7,1.684E-5,4.175E-6,3.3E-6,2.905E-6,3.3E-6,2.905E-6,1.684E-5,4.175E-6,6.7600000000000005E-6,4.84E-6,6.7600000000000005E-6,4.84E-6,1.725E-5,9.89E-6,1.725E-5,9.89E-6,5.21E-6,2.57E-6,5.21E-6,2.57E-6,1.4060000000000001E-5,3.18E-6,1.4060000000000001E-5,3.18E-6
1.0E-6,7.62E-5,1.42E-5,1.5E-6,2.0E-6,3.5199999999999995E-5,3.0,5.0,3.0,7.0,3.0,16.0,8.9E-7,8.8E-7,7.799999999999999E-7,1.04E-6,3.0E-7,6.3E-7,1.796E-5,4.44E-6,3.3E-6,2.905E-6,3.3E-6,2.905E-6,1.796E-5,4.44E-6,4.4E-6,6.97E-6,4.4E-6,6.97E-6,7.26E-6,1.7480000000000002E-5,7.26E-6,1.7480000000000002E-5,5.33E-6,2.57E-6,5.33E-6,2.57E-6,1.234E-5,2.4500000000000003E-6,1.234E-5,2.4500000000000003E-6
1.0E-6,7.62E-5,1.91E-5,2.3E-6,1.6E-6,2.84E-5,5.0,7.0,3.0,5.0,3.0,15.0,1.26E-6,1.4E-6,1.23E-6,1.57E-6,3.0E-7,5.900000000000001E-7,1.605E-5,4.13E-6,3.9E-6,2.77E-6,3.9E-6,2.77E-6,1.605E-5,4.13E-6,5.75E-6,8.605E-6,5.75E-6,8.605E-6,1.346E-5,1.3125E-5,1.346E-5,1.3125E-5,1.0160000000000001E-5,2.44E-6,1.0160000000000001E-5,2.44E-6,1.171E-5,2.7E-6,1.171E-5,2.7E-6
1.0E-6,7.74E-5,1.91E-5,2.0E-6,1.8E-6,2.99E-5,3.0,7.0,3.0,7.0,1.0,16.0,9.000000000000001E-7,8.9E-7,8.9E-7,1.77E-6,3.0E-7,6.1E-7,1.764E-5,4.1050000000000005E-6,1.9E-6,3.1600000000000002E-6,1.9E-6,3.1600000000000002E-6,1.764E-5,4.1050000000000005E-6,4.7300000000000005E-6,8.605E-6,4.7300000000000005E-6,8.605E-6,9.89E-6,1.3295E-5,9.89E-6,1.3295E-5,5.36E-6,2.57E-6,5.36E-6,2.57E-6,1.745E-5,2.525E-6,1.745E-5,2.525E-6
1.0E-6,7.869999999999999E-5,1.23E-5,8.1E-6,1.9E-6,2.84E-5,3.0,9.0,3.0,5.0,3.0,16.0,9.200000000000001E-7,9.200000000000001E-7,7.900000000000001E-7,3.7800000000000002E-6,3.0E-7,5.0E-7,1.588E-5,4.015E-6,3.9E-6,2.87E-6,3.9E-6,2.87E-6,1.588E-5,4.015E-6,4.43E-6,6.34E-6,4.43E-6,6.34E-6,1.274E-5,1.098E-5,1.274E-5,1.098E-5,5.42E-6,2.57E-6,5.42E-6,2.57E-6,2.1760000000000002E-5,3.86E-6,2.1760000000000002E-5,3.86E-6
1.0E-6,8.92E-5,1.9299999999999998E-5,2.2E-6,1.6999999999999998E-6,2.9599999999999998E-5,3.0,11.0,3.0,9.0,1.0,15.0,9.3E-7,9.3E-7,9.3E-7,2.05E-6,3.0E-7,6.2E-7,1.65E-5,4.21E-6,1.9E-6,3.06E-6,1.9E-6,3.06E-6,1.65E-5,4.21E-6,4.85E-6,8.67E-6,4.85E-6,8.67E-6,1.549E-5,1.0345E-5,1.549E-5,1.0345E-5,5.45E-6,2.57E-6,5.45E-6,2.57E-6,2.471E-5,2.48E-6,2.471E-5,2.48E-6
1.0E-6,8.62E-5,1.31E-5,4.7E-6,2.0E-6,3.0999999999999995E-5,3.0,11.0,7.0,9.0,3.0,16.0,8.499999999999999E-7,1.09E-6,6.3E-7,2.17E-6,3.0E-7,5.7E-7,1.7E-5,4.175E-6,3.3E-6,2.905E-6,3.3E-6,2.905E-6,1.7E-5,4.175E-6,8.07E-6,4.1100000000000005E-6,8.07E-6,4.1100000000000005E-6,1.725E-5,1.0075000000000001E-5,1.725E-5,1.0075000000000001E-5,5.21E-6,2.57E-6,5.21E-6,2.57E-6,2.5790000000000002E-5,2.7600000000000003E-6,2.5790000000000002E-5,2.7600000000000003E-6
